id,domain,status,purchase_price,renewal_price,attractiveness,demand,length,registrar,created_at,expires_at,status_verified_at
a81064a9-d634-4d18-bb51-028f620b37b1,she.nyc,available,31.99,31.99,high,low,3,namesilo,,,
5bb01ea2-23a1-4d09-a51e-0ed7c4c5224e,keyed.nyc,available,6.98,43.98,medium,low,5,namecheap,,,22/08/2026 15:42
e3f89f28-44a0-41bb-96df-8a84b5cacd22,swishy.nyc,available,31.99,31.99,medium,low,6,namesilo,,,11/09/2026 05:54
8aca8c88-899e-45af-b583-9c6fb31171d4,wieldy.nyc,available,31.99,31.99,medium,low,6,namesilo,,,13/09/2026 11:52
0e51bf48-3215-4ec0-b102-f7b1f4fa0db1,voted.nyc,available,31.99,31.99,medium,low,5,namesilo,,,17/09/2026 16:50
017f94d5-4161-4b4c-b186-bd14043c4aa3,cochlear.nyc,available,6.98,43.98,medium,low,8,namecheap,,,12/08/2026 14:45
fa5df916-77da-4e6d-982c-c312c124e275,tuxedo.nyc,premium,640,29.5,high,low,6,namesilo,,,24/09/2026 01:52
c1d57486-89fc-47af-998e-27373ceadac4,specular.nyc,available,6.98,43.98,medium,low,8,namecheap,,,25/08/2026 01:15
8dbde0de-ca98-4912-afb0-3fc63b7046ea,bulla.nyc,available,31.99,31.99,medium,low,5,namesilo,,,24/09/2026 05:20
5a14e18f-064c-4dc7-9de4-4c6bac5c1c33,scupper.nyc,available,31.99,31.99,medium,low,7,namesilo,,,18/09/2026 17:30
3da90a6e-5d2b-4d8b-82a6-3d8d09a45c8b,backstretch.nyc,available,43.98,,high,low,12,namecheap,,,
36b14db9-8ba1-4fe1-b1e0-14aea388ba17,limbic.nyc,available,6.98,43.98,medium,low,6,namecheap,,,23/08/2026 11:49
75162803-5f33-4bb8-a3d9-486814186944,appetising.nyc,available,6.98,43.98,medium,low,10,namecheap,,,06/08/2026 06:50
c783db2c-f8f0-4b8e-8b30-92c4f2557575,vocal.nyc,available,31.99,31.99,high,low,5,namesilo,,,26/09/2026 03:23
be9ec729-be9d-4b52-85df-dc2cee291a80,thankful.nyc,available,32.98,43.98,high,low,8,namecheap,,,24/09/2026 22:54
6803f742-b636-40fb-b920-ca417da1a111,camo.nyc,available,31.99,31.99,high,low,4,namesilo,,,
a73636d2-1d81-4879-b451-2f2158c5feae,quat.nyc,available,31.99,31.99,medium,low,4,namesilo,,,17/09/2026 15:25
4b23f6ee-4456-49fc-90c6-8e6dd9e55bcf,wintery.nyc,available,31.99,31.99,medium,low,7,namesilo,,,13/09/2026 12:39
0aba0ed2-b0ae-46a5-9d54-1885ebdfb78b,grandson.nyc,available,43.98,,high,low,8,namecheap,,,
d8d0b3d5-223d-4ff5-8706-05cad8d92a40,probing.nyc,available,6.98,43.98,high,low,7,namecheap,,,22/08/2026 06:21
d131a36f-f80d-4c7b-8d5c-f0a814fb8f45,guy.nyc,premium,650,32.5,high,low,3,namecheap,,,24/09/2026 02:27
6071b4eb-1da5-4a92-b77d-82cd1c1bbba9,astrodome.nyc,available,31.99,31.99,medium,low,9,namesilo,,,20/09/2026 17:37
85039b88-1f11-4c1d-9d9b-6f74b333f5f0,pointless.nyc,available,32.98,43.98,medium,low,9,namecheap,,,26/09/2026 03:12
775ceaf3-9472-4549-b060-9396b3bbfa6e,viscous.nyc,available,6.98,43.98,high,low,7,namecheap,,,20/08/2026 15:25
c0fca841-e04d-4d0c-b829-06d4faac3d5c,jugular.nyc,available,6.98,43.98,medium,low,7,namecheap,,,22/08/2026 14:16
b130f4d9-f810-4c99-94ad-423067a93af9,tap.nyc,premium,1107,29.5,high,medium,3,namesilo,,,27/09/2026 03:03
a3d4282f-815d-4ca4-8ba4-fca6d8fa5a95,unpatented.nyc,available,31.99,31.99,medium,low,10,namesilo,,,12/09/2026 16:29
31ca2a2d-37f1-408b-9dbc-6c9ad3bd243b,abstracter.nyc,available,32.98,43.98,medium,low,10,namecheap,,,16/09/2026 18:30
d0296e4d-f318-4c25-a11e-37d0b6b43417,secretly.nyc,available,31.99,31.99,medium,low,8,namesilo,,,15/09/2026 06:37
58f804cc-34ad-4649-b4bc-05c19a5a087d,bight.nyc,available,32.98,43.98,medium,low,5,namecheap,,,23/09/2026 15:12
7e98d2d6-03fd-4d39-8e0c-a41aa956aab6,chaste.nyc,available,6.98,43.98,high,low,6,namecheap,,,12/08/2026 03:11
53fdff17-6ea1-454e-955b-f571957e2aa9,ruckle.nyc,available,6.98,43.98,medium,low,6,namecheap,,,13/08/2026 07:12
aa946a7f-25da-4f54-8ca3-55d0019ee4aa,shorthand.nyc,available,31.99,31.99,high,medium,9,namesilo,,,10/09/2026 06:49
acd089fd-219a-46d1-83cb-0474f3c62462,revised.nyc,available,43.98,,high,low,7,namecheap,,,
53473a6c-5a53-4b32-9c6b-ad325212a03a,oily.nyc,available,6.98,43.98,medium,low,4,namecheap,,,11/08/2026 11:42
f3bbcdff-fa84-423d-936c-b6f615bc3f1d,medical.nyc,premium,6900,29.5,high,low,7,namesilo,,,24/09/2026 06:02
e8264de0-e71b-4714-a198-7314947d4d3f,ensuing.nyc,available,6.98,43.98,high,low,7,namecheap,,,17/08/2026 09:51
641e4a91-40f0-4ecc-bb13-45efef2c4ff9,questioning.nyc,available,31.99,31.99,high,low,11,namesilo,,,27/09/2026 09:01
a70984f0-fff1-4870-9e88-ffefde6fe812,bulge.nyc,available,31.99,31.99,high,low,5,namesilo,,,08/09/2026 23:47
8dc28287-75a1-43f8-835e-19fde645979b,offering.nyc,available,31.99,31.99,high,low,8,namesilo,,,25/09/2026 09:37
5e577ed7-cf81-4cc1-9620-dd486bf268cf,algae.nyc,available,31.99,31.99,high,low,5,namesilo,,,18/09/2026 06:48
f7110cde-131e-4c7b-9db2-f445bd270902,casually.nyc,available,31.99,31.99,high,low,8,namesilo,,,14/09/2026 05:25
701ca7c9-d91c-49f5-bde7-0f0bb6a6d5e7,friar.nyc,available,6.98,43.98,medium,low,5,namecheap,,,24/08/2026 20:10
a7a02f55-3738-4212-be92-b928d5704f90,abetter.nyc,available,31.99,31.99,medium,low,7,namesilo,,,16/09/2026 15:19
35302e2f-0161-4147-8541-5d7c57f81c7e,lexically.nyc,available,31.99,31.99,medium,low,9,namesilo,,,15/09/2026 11:16
ae4c7618-8ba2-4a07-9e4f-6888959ff438,germfree.nyc,available,6.98,43.98,medium,low,8,namecheap,,,18/08/2026 22:48
6d03cad6-c6a4-4156-9589-0148554fbceb,moose.nyc,available,32.98,43.98,high,low,5,namecheap,,,18/09/2026 03:57
728f849a-fb18-416d-9334-55f0f685e27d,wretched.nyc,available,6.98,43.98,medium,low,8,namecheap,,,14/08/2026 04:09
29d95974-0d90-4e20-97dd-a6c1f8452f22,alep.nyc,available,31.99,31.99,medium,low,4,namesilo,,,18/09/2026 05:14
cda00096-5e46-45ef-91a7-bca59d6bffe0,anunnaki.nyc,available,31.99,31.99,medium,low,8,namesilo,,,19/09/2026 15:51
f0f3fd91-9401-4811-b843-dec0a10fc5b2,luxuriant.nyc,available,6.98,43.98,high,low,9,namecheap,,,15/08/2026 22:14
13fbcdae-0e51-41b1-a091-705bf00a211b,punishing.nyc,available,6.98,43.98,high,low,9,namecheap,,,06/08/2026 17:10
b15090d6-fdde-4feb-8e0e-074d196302e1,substitution.nyc,available,43.98,,high,low,12,namecheap,,,
3a1410ce-1af5-4d78-986d-2cfabb7a3011,umbilical.nyc,available,31.99,31.99,high,low,9,namesilo,,,11/09/2026 23:00
a572f4d5-eb96-426d-9901-aee487faf1d2,newest.nyc,available,32.98,43.98,high,low,6,namecheap,,,18/09/2026 15:57
3b37a201-6104-4fab-948c-123161abcf04,fcc.nyc,premium,640,29.5,high,low,3,namesilo,,,25/09/2026 05:53
f7753094-7210-4726-be28-176e3eeeb990,affirmed.nyc,available,31.99,31.99,high,low,8,namesilo,,,17/09/2026 14:27
af103715-8c0c-4485-8c84-0f17186f03ff,ferrous.nyc,available,6.98,43.98,medium,low,7,namecheap,,,18/08/2026 02:09
65e6cc04-6fe3-4914-a25d-7f87666263ed,bimetal.nyc,available,6.98,43.98,high,low,7,namecheap,,,09/08/2026 22:52
20b71f7a-6164-43c8-820b-6d0e00765a1a,unsteady.nyc,available,31.99,31.99,medium,low,8,namesilo,,,12/09/2026 10:21
e5d58a57-5b09-4c92-8081-db8e48fbe8a5,sourish.nyc,available,6.98,43.98,medium,low,7,namecheap,,,22/08/2026 23:29
d59df35a-a048-43cb-8d10-d7fa2be20959,beardless.nyc,available,6.98,43.98,medium,low,9,namecheap,,,09/08/2026 04:43
2993b693-482f-430a-bbd5-00e218f118c7,willowy.nyc,available,6.98,43.98,medium,low,7,namecheap,,,20/08/2026 17:31
d83650c4-dfd9-4f38-8ce3-8fa5d0905890,constant.nyc,premium,53.92,29.5,high,low,8,namesilo,,,11/08/2026 23:02
63829dbe-d0d4-454d-8fea-63766db46e0d,bellflower.nyc,available,31.99,31.99,high,low,10,namesilo,,,23/09/2026 06:06
cf326f0a-046c-4e95-93b2-830313b92abf,command.nyc,available,31.99,31.99,high,low,7,namesilo,,,23/09/2026 13:28
67a11d26-1823-4b84-b86c-beaa6f7e3187,bjp.nyc,premium,625,,high,low,3,name.com,,,
dd312a18-215e-42b9-815a-6236e31d5cf6,smoothly.nyc,available,31.99,31.99,high,low,8,namesilo,,,16/09/2026 02:56
2d4ac075-09ea-4979-ba7b-62211af71234,aliform.nyc,available,31.99,31.99,medium,low,7,namesilo,,,
db4bd618-5395-4c84-a3b5-7bc8f0b86dcc,pusher.nyc,available,31.99,31.99,high,low,6,namesilo,,,21/09/2026 13:22
fa062daa-361a-4d05-8fe2-b14863c82cc5,utter.nyc,available,31.99,31.99,high,low,5,namesilo,,,
d90ee4fc-41b3-406d-8c7b-68b65fc73574,directions.nyc,premium,3450,29.5,high,low,10,namesilo,,,27/09/2026 09:16
d19f4893-1141-4378-a4af-917f13426cf0,sisters.nyc,premium,625,46.99,high,low,7,name.com,,,
11409618-687b-4208-ae87-d607fe833a57,alaric.nyc,available,32.98,43.98,high,low,6,namecheap,,,18/09/2026 01:52
5bcd7471-ded4-410b-b62b-b019d58e90c9,sagging.nyc,available,6.98,43.98,medium,low,7,namecheap,,,14/08/2026 19:45
03dee529-2dd0-4e8a-a2be-2fbbc2303268,soak.nyc,premium,53.92,29.5,high,low,4,namesilo,,,16/09/2026 03:40
7b908d5d-6bcd-4a74-b90d-67bd8491f336,plentiful.nyc,available,31.99,31.99,high,low,9,namesilo,,,27/09/2026 04:16
6b7063fa-b88b-4e82-842f-9b9c6804ec9d,sumbuddy.nyc,available,31.99,31.99,low,low,8,namesilo,,,
e52d9d34-e0f8-4751-a854-afd9c2141b56,wonderfully.nyc,available,31.99,31.99,high,low,11,namesilo,,,
6b6c73f3-6d6f-4514-8b51-a843f09f4ea3,alpenstock.nyc,available,31.99,31.99,medium,low,10,namesilo,,,18/09/2026 13:32
7e468e22-1390-429b-bba8-10439767a9fe,wanted.nyc,premium,53.92,29.5,high,low,6,namesilo,,,23/09/2026 14:03
13e8874f-0872-4551-95e9-2096f5ec71ee,curatorial.nyc,available,6.98,43.98,high,low,10,namecheap,,,13/08/2026 11:03
0caafb50-7f1c-46d0-a7fe-1dbb3f59d663,forfeit.nyc,available,6.98,43.98,high,low,7,namecheap,,,12/08/2026 21:00
282c791f-54cb-4b5c-8630-55519464ef75,pluses.nyc,available,31.99,31.99,medium,low,6,namesilo,,,21/09/2026 02:09
2fb5b065-621c-4e85-abbb-c6bdb3b0294e,unshelled.nyc,available,31.99,31.99,high,medium,9,namesilo,,,10/09/2026 06:23
719f7ad5-be83-42c5-b2b1-eadc659e3b36,pickups.nyc,available,31.99,31.99,medium,low,7,namesilo,,,20/09/2026 05:31
48c0d7d5-51f0-4c95-81a0-b0d482366bd2,bassoon.nyc,available,31.99,31.99,high,low,7,namesilo,,,22/09/2026 12:33
9c15ff88-3c78-456e-97fe-99d617a969c5,terracotta.nyc,available,31.99,31.99,high,low,11,namesilo,,,17/09/2026 09:12
ea10861e-c3be-4efa-b2a8-c095dcd571be,resinated.nyc,available,9.99,46.99,medium,low,9,name.com,,,09/09/2026 15:09
20fe66cb-44b2-4ec0-ae5c-5d0216299013,revisions.nyc,available,31.99,31.99,medium,low,9,namesilo,,,20/09/2026 05:28
d74eb1db-151a-47ee-9de9-72919463cb20,nervously.nyc,available,31.99,31.99,medium,low,9,namesilo,,,15/09/2026 16:28
bad2c243-8ee1-42d4-8dba-235bb4d31352,enraged.nyc,available,31.99,31.99,medium,low,7,namesilo,,,
c9f54cd5-d078-428e-8af1-2d9ed424ef9e,cypriote.nyc,available,43.99,46.99,medium,low,8,name.com,,,13/08/2026 14:05
1b45fc47-9d4a-4dcc-b373-38c6caa8f991,bitumen.nyc,available,31.99,31.99,medium,low,7,namesilo,,,23/09/2026 23:13
fd60a928-c636-4b2f-83bf-9ac66089b028,afrikaner.nyc,available,31.99,31.99,high,low,9,namesilo,,,
abef3884-e6e5-4d6f-8a7c-c6e387f8d842,chunky.nyc,available,6.98,43.98,high,low,6,namecheap,,,12/08/2026 07:44
c523b676-44cd-4164-b2a7-de7a2a09e5e0,firing.nyc,available,31.99,31.99,high,low,6,namesilo,,,27/09/2026 03:58
3db7f227-e857-4581-b5a8-d60ff048e9b7,disuse.nyc,available,31.99,31.99,high,low,6,namesilo,,,24/09/2026 23:14
2e3fc61d-04c3-4c8a-9ea8-070704aa9e1d,windup.nyc,available,31.99,31.99,high,low,6,namesilo,,,13/09/2026 12:18
64f7546c-ad43-4fc4-8402-0fd7fd71c989,afraid.nyc,available,43.99,46.99,high,low,6,name.com,,,26/09/2026 00:46
9b20c1c2-cece-4ca9-acff-e2532725d8df,nsa.nyc,premium,640,29.5,high,low,3,namesilo,,,27/09/2026 04:50
d8343375-31f2-4eb9-ba63-a7738860c249,onerous.nyc,available,6.98,43.98,medium,low,7,namecheap,,,11/08/2026 10:31
65516d20-8843-4f28-81fd-6481779b4faf,wrestling.nyc,premium,6250,,high,low,9,name.com,,,
2722d7fa-92f7-4c82-8a41-8ce8d3acf38f,cordate.nyc,available,6.98,43.98,high,low,7,namecheap,,,13/08/2026 00:50
cf91427a-ae73-47ee-8dd3-300ebe394c5e,overheated.nyc,available,32.98,43.98,medium,low,10,namecheap,,,04/09/2026 20:47
f7aab0dd-a0b4-425a-b792-671b924bfe68,solicit.nyc,available,43.98,,high,low,7,namecheap,,,
811a9448-8e30-4282-83d4-e05ab2e25ef8,bpm.nyc,premium,640,29.5,high,low,3,namesilo,,,22/09/2026 21:53
cae7eb14-1abd-4095-8c73-858be28a96c9,hypaethral.nyc,available,6.98,43.98,medium,low,10,namecheap,,,21/08/2026 16:39
6fb451d3-fbdc-4dc6-8296-e87141becaf6,tractile.nyc,available,31.99,31.99,medium,low,8,namesilo,,,11/09/2026 18:39
be50d760-34b7-417b-8393-d0e609dbfdd8,riparian.nyc,available,32.98,43.98,high,low,8,namecheap,,,09/09/2026 17:53
7823a05d-82a5-4a01-80e9-699c15dd61fb,confluent.nyc,available,6.98,43.98,high,low,9,namecheap,,,12/08/2026 21:07
69764047-3b26-4c07-bae6-67d6471365a2,argil.nyc,available,31.99,31.99,medium,low,5,namesilo,,,20/09/2026 04:20
28d8f406-50cb-4b62-8777-8468fcd0e4d0,prink.nyc,available,31.99,31.99,medium,low,5,namesilo,,,21/09/2026 02:05
3cc90a41-6d27-42c7-bd97-0b700c15553c,stunner.nyc,available,6.98,43.98,high,low,7,namecheap,,,22/08/2026 16:40
b3e5340b-e7cd-4362-9e58-440fb91f999b,granth.nyc,available,31.99,31.99,high,low,6,namesilo,,,17/09/2026 08:05
cedcd660-4c01-4b2a-a5c9-6cc843a5a829,angora.nyc,available,32.98,43.98,high,low,6,namecheap,,,19/09/2026 07:06
d7d9763b-2f55-4a0e-83ba-9eb692fb29d6,segmented.nyc,available,6.98,43.98,medium,low,9,namecheap,,,24/08/2026 21:43
83e4a4be-c348-49e5-9f32-18d67720c01f,appro.nyc,available,31.99,31.99,medium,low,5,namesilo,,,19/09/2026 22:20
671a9dc9-d721-4d4f-bb3d-d26a4317f008,atrip.nyc,available,6.98,43.98,low,low,5,namecheap,,,07/08/2026 14:33
39c458c3-828c-4ace-a6ee-6b786f38c658,auntie.nyc,available,32.98,43.98,high,low,6,namecheap,,,21/09/2026 04:11
d539bef6-307d-4d2e-8a0a-c685ef938398,erotic.nyc,premium,3125,46.99,high,low,6,name.com,,,17/08/2026 12:42
89717ce9-20bd-4fd8-b877-44d4307e527d,milne.nyc,available,31.99,31.99,medium,low,5,namesilo,,,16/09/2026 12:53
24428b08-ba56-4d9e-9548-276ffadc72c7,buggery.nyc,available,31.99,31.99,medium,low,7,namesilo,,,19/09/2026 01:35
bedfc9ba-20b6-4e7c-971b-7521706f718b,earthling.nyc,available,31.99,31.99,high,low,9,namesilo,,,11/09/2026 10:43
2583225e-ce57-4611-85f7-23922e0ad545,burgess.nyc,available,32.98,43.98,high,low,7,namecheap,,,19/09/2026 13:35
efa7280b-bd5a-4d28-b3ca-7664756a826d,enatic.nyc,available,6.98,43.98,medium,low,6,namecheap,,,16/08/2026 21:20
1571b9ad-d159-4b87-b1b6-2cf0a8953b37,toradol.nyc,available,31.99,31.99,medium,low,7,namesilo,,,17/09/2026 05:31
9de75edd-6bd0-43ff-9211-6db536640321,kitschy.nyc,available,6.98,43.98,medium,low,7,namecheap,,,09/08/2026 00:53
06a87e46-ad80-49f1-ae0c-d4a2f4d40b26,ashe.nyc,available,31.99,31.99,high,low,4,namesilo,,,20/09/2026 10:46
7e00dd02-b19a-427a-92a3-aa8bdf2b946a,mellow.nyc,available,6.98,43.98,high,low,6,namecheap,,,22/08/2026 18:52
a812befc-e90c-41ce-9d2b-8f39fbe907a7,drying.nyc,available,31.99,31.99,high,low,6,namesilo,,,16/09/2026 09:24
87afadad-fd7d-43cd-8791-858371389eed,taxing.nyc,available,6.98,43.98,medium,low,6,namecheap,,,11/08/2026 10:33
eaba4455-98b2-46bd-83a2-2b02a6ee3caa,blackthorn.nyc,available,31.99,31.99,medium,low,10,namesilo,,,24/09/2026 03:10
bac4ce56-dcaf-4c81-a811-d99ee718b2da,debt.nyc,premium,6250,,high,low,4,name.com,,,
0feb6666-4bd7-4270-84ef-93df52c0a318,resists.nyc,available,31.99,31.99,medium,low,7,namesilo,,,18/09/2026 10:58
6047e4df-53cf-44a1-87d0-7e0273bf4e9b,ariana.nyc,available,31.99,31.99,high,low,6,namesilo,,,20/09/2026 05:10
4147748c-8ba3-4982-9dde-e31231a143d2,invasive.nyc,available,6.98,43.98,medium,low,8,namecheap,,,16/08/2026 23:54
3c1c0025-1a77-448c-8bcf-f304bb9c4818,failing.nyc,available,6.98,43.98,medium,low,7,namecheap,,,17/08/2026 20:44
b634e8a6-9b2b-4a93-ae56-655dbb161ba8,terminally.nyc,available,32.98,43.98,medium,low,10,namecheap,,,16/09/2026 08:25
adddf05b-1c52-42ca-83e2-6d4117e979b8,visibly.nyc,available,31.99,31.99,medium,low,7,namesilo,,,16/09/2026 11:04
57eda991-980d-4904-bc52-e70ae973ca83,loan.nyc,premium,6900,29.5,high,low,4,namesilo,,,25/09/2026 09:02
e069e6f1-01a8-42f6-8f5f-9e8a7e5922a0,strep.nyc,available,31.99,31.99,medium,low,5,namesilo,,,10/09/2026 22:28
f3e96e0a-a9a7-4259-ae93-4e11c1a2ae44,reprobate.nyc,available,6.98,43.98,medium,low,9,namecheap,,,14/08/2026 02:38
8dc39f45-c24b-4e7d-8b0d-78879e68454b,stalinist.nyc,available,32.98,43.98,medium,low,9,namecheap,,,10/09/2026 18:25
fc46dd96-e21f-442b-b9d8-c459a115d954,people.nyc,premium,3125,,high,medium,6,name.com,,,
f90f342f-346c-4ca0-bbe9-beda4076b70e,absurdity.nyc,available,31.99,31.99,high,low,9,namesilo,,,16/09/2026 18:39
2cc4a538-da71-458a-a0d6-7e4464e709bb,acrobatics.nyc,available,31.99,31.99,high,low,10,namesilo,,,17/09/2026 03:19
2b19ee65-5b60-4de5-b820-0748404903d4,machinery.nyc,premium,302.5,29.5,high,low,9,namesilo,,,25/09/2026 03:53
6aa3702b-f19c-4f93-872b-60b119660308,blasphemer.nyc,available,31.99,31.99,medium,low,10,namesilo,,,24/09/2026 04:14
78643384-0ac4-4fc7-a2bd-8fd5cde17c7d,trickster.nyc,available,32.98,43.98,high,low,9,namecheap,,,23/09/2026 02:57
c6c3f30d-ee66-4634-ab01-63a2ca555352,hoard.nyc,available,6.98,43.98,medium,low,5,namecheap,,,12/08/2026 16:57
af3ecd00-8a59-4a4b-8dc8-93248b0c65a9,alignment.nyc,available,31.99,31.99,high,low,9,namesilo,,,18/09/2026 07:47
113d73bf-8538-4b45-be54-56a1ea0a855f,birmingham.nyc,available,6.98,43.98,high,low,10,namecheap,,,11/08/2026 06:43
0b06b761-846c-4d9a-b30a-ae387fdca8bd,octagonal.nyc,available,9.99,46.99,medium,low,9,name.com,,,04/09/2026 00:37
48b26dde-832e-4779-9414-31ae379417f5,agonus.nyc,available,32.98,43.98,medium,low,6,namecheap,,,17/09/2026 18:59
a022181f-57c4-44b5-a127-e103db173ac6,madagascan.nyc,available,6.98,43.98,high,low,10,namecheap,,,24/08/2026 12:55
39da24e7-a188-4f77-beaf-35af22e3d87a,angling.nyc,available,32.98,43.98,high,low,7,namecheap,,,19/09/2026 06:50
6886fea6-3da2-4fda-aba5-031b88795e3d,puckish.nyc,available,6.98,43.98,medium,low,7,namecheap,,,21/08/2026 22:29
c9b99e35-8847-4643-b021-6ec2e91a9edd,exacting.nyc,available,6.98,43.98,medium,low,8,namecheap,,,17/08/2026 15:32
f6d374c6-8c53-45bf-a97c-3c1aad7e7dad,lastly.nyc,available,43.98,,medium,low,6,namecheap,,,
39768a3d-bb62-4e92-8f7c-bee4b9baf5be,firm.nyc,premium,3450,29.5,high,low,4,namesilo,,,25/09/2026 10:46
9853c67e-9dec-433f-b809-ec659b1c00a2,anuran.nyc,available,6.98,43.98,medium,low,6,namecheap,,,05/08/2026 20:48
a70c0af4-f3ce-4e83-90e3-cadf05dcf8b7,rubberlike.nyc,available,32.98,43.98,high,medium,10,namecheap,,,09/09/2026 19:15
39b8ae49-d6bb-4461-ad79-35b135ca72ed,esteemed.nyc,available,6.98,43.98,high,low,8,namecheap,,,17/08/2026 13:23
b012016d-cee5-46b2-9b79-7cdac31aba01,cursory.nyc,available,6.98,43.98,medium,low,7,namecheap,,,13/08/2026 11:41
7ce2f4d3-bac6-46a6-86a6-31114aa1b961,supermarket.nyc,premium,116,29.5,high,low,11,namesilo,,,
20af2e37-6ac3-4975-af38-06b75f637418,imposed.nyc,available,6.98,43.98,medium,low,7,namecheap,,,21/08/2026 22:50
8384b44c-0b77-4d3f-9100-be6b296325d6,jitney.nyc,available,32.98,43.98,medium,low,6,namecheap,,,21/09/2026 05:56
954c89ec-697b-4a83-9a9e-e5decc88f148,ruse.nyc,available,31.99,31.99,medium,low,4,namesilo,,,20/09/2026 11:33
5f3c9363-dafd-47d6-aea0-19cd908e8c83,muntjac.nyc,available,31.99,31.99,medium,low,7,namesilo,,,22/09/2026 06:28
e42faca1-fbbe-4cbd-a689-2e046b511347,tantrum.nyc,available,6.98,43.98,high,low,7,namecheap,,,18/08/2026 05:41
87f3c241-c24d-4a96-bd42-6dcdd9704d7e,avoidance.nyc,available,31.99,31.99,medium,low,9,namesilo,,,21/09/2026 09:49
b845d396-2ee5-46b6-b8b9-8ca3d53f9f96,polemic.nyc,available,31.99,31.99,medium,low,7,namesilo,,,08/09/2026 22:51
705ced1e-0c95-4595-bfe9-69b644d064d5,ruin.nyc,available,6.98,43.98,high,low,4,namecheap,,,08/08/2026 13:39
28b6f2b0-2f91-400a-ab5e-7bb875fd625c,measure.nyc,available,31.99,31.99,high,low,7,namesilo,,,
cd2fcee5-bc36-450a-bd9a-6535f65f5be6,verbalise.nyc,available,31.99,31.99,medium,low,9,namesilo,,,13/09/2026 00:16
1d236d02-eda5-44d0-8cad-17d0ab00c5ae,ramsey.nyc,available,31.99,31.99,high,low,6,namesilo,,,25/09/2026 15:22
be2802b7-491a-4b3a-8d4f-f85c52126c1b,mono.nyc,available,32.98,43.98,high,medium,4,namecheap,,,25/09/2026 21:33
1c8cd384-920e-4fb8-9e11-d538b70c2bed,fulsome.nyc,available,6.98,43.98,medium,low,7,namecheap,,,11/08/2026 11:40
24b8367c-d9fa-4cc5-b46d-123bb3304969,complexly.nyc,available,31.99,31.99,medium,low,9,namesilo,,,14/09/2026 07:45
a61bed47-965b-4a31-8c3e-7ca4b5a7130f,rimless.nyc,available,31.99,31.99,medium,low,7,namesilo,,,09/09/2026 17:43
4011596c-9108-4df9-a52a-4eaf6c6e8f44,culpable.nyc,available,6.98,43.98,medium,low,8,namecheap,,,10/08/2026 12:34
ce4d1768-c5a4-41cb-8007-40dc16cd6ff8,pigheaded.nyc,available,6.98,43.98,medium,low,9,namecheap,,,11/08/2026 08:32
26becd32-6c9c-4656-9950-3ddcdbb2ec43,ascaris.nyc,available,31.99,31.99,medium,low,7,namesilo,,,20/09/2026 13:03
de24ccb6-a952-4fc2-882a-27fb1e56fcc7,induced.nyc,available,6.98,43.98,high,low,7,namecheap,,,22/08/2026 03:27
72475fbf-ece8-4708-8ab6-6626887ece6d,soursop.nyc,available,31.99,31.99,high,low,7,namesilo,,,19/09/2026 10:36
ce1120c2-ddef-4a71-9d6b-a038d4b779c6,armorial.nyc,available,6.98,43.98,medium,low,8,namecheap,,,06/08/2026 20:15
0545b7cb-ce90-4302-8ad3-ab446b06a2b6,celebrated.nyc,available,6.98,43.98,high,low,10,namecheap,,,11/08/2026 23:10
2affd3f4-b1bf-4065-9e3b-c942bed549cb,reverie.nyc,available,31.99,31.99,high,low,7,namesilo,,,17/09/2026 21:59
91004cff-091d-4e08-a6e3-81a35361ee62,acerose.nyc,available,31.99,31.99,medium,low,7,namesilo,,,
f4b0ac74-9df4-4242-8b08-8c06dcdbca40,corrode.nyc,available,32.98,43.98,medium,low,7,namecheap,,,09/09/2026 20:10
ffe73b25-2d65-4904-b56a-3bb631b46ea5,abridged.nyc,available,31.99,31.99,high,low,8,namesilo,,,
3de5682f-278d-4054-b6d5-46a482f281c6,picking.nyc,available,31.99,31.99,high,low,7,namesilo,,,25/09/2026 09:58
30a276ea-29ac-4635-ab33-868f59b6891b,toughened.nyc,available,31.99,31.99,medium,low,9,namesilo,,,11/09/2026 10:54
04760119-9e5a-4e04-9177-f9b67714ea22,assyria.nyc,available,32.98,43.98,high,low,7,namecheap,,,20/09/2026 16:47
7cc94dfe-80e2-413b-a62f-ba3ce430d84f,treachery.nyc,available,32.98,43.98,medium,low,9,namecheap,,,23/09/2026 11:23
7e588b75-1d08-4aa3-b235-185a0df21a06,possibilities.nyc,available,31.99,31.99,medium,low,13,namesilo,,,16/09/2026 10:01
d5cb7c09-6502-4cf6-9f81-9eaa24c95f2e,agee.nyc,available,32.98,43.98,medium,low,4,namecheap,,,17/09/2026 16:52
060273b0-5a1d-4af6-9190-9a3ae6606c6a,sul.nyc,premium,640,29.5,high,low,3,namesilo,,,27/09/2026 10:19
ef981360-d030-4a5f-ac96-ea89fec87273,dorsum.nyc,available,6.98,43.98,high,low,6,namecheap,,,08/08/2026 05:12
5a126417-0c26-4bd9-9dd1-3b8862467d94,blackpool.nyc,available,31.99,31.99,high,low,9,namesilo,,,24/09/2026 02:57
4548900a-b9ab-4357-a9b7-f1101bfa131c,ovens.nyc,available,31.99,31.99,medium,low,5,namesilo,,,20/09/2026 10:00
5515be14-1821-45d3-bc9a-a86aaa9cbd82,southmost.nyc,available,31.99,31.99,high,medium,9,namesilo,,,10/09/2026 14:55
e4c047fd-c9b0-48fd-a901-c7cb51a13420,theorize.nyc,available,31.99,31.99,high,low,8,namesilo,,,24/09/2026 17:19
d7209cc2-2812-4033-832a-833cae7aaaaa,calvinist.nyc,available,6.98,43.98,medium,low,9,namecheap,,,11/08/2026 15:24
d597d046-02aa-4ab0-8bf7-437eb699c2c3,amhara.nyc,available,32.98,43.98,high,low,6,namecheap,,,18/09/2026 21:12
c91fa352-8173-4bea-917c-e747a824aa8d,rude.nyc,available,31.99,31.99,high,low,4,namesilo,,,22/09/2026 16:12
bb1256de-7d10-40c7-b37d-40ff09a3faa4,mediatory.nyc,available,6.98,43.98,medium,low,9,namecheap,,,24/08/2026 18:55
7a78490e-4630-4d5a-a6a1-cbce19c84ef4,biological.nyc,available,32.98,43.98,high,low,10,namecheap,,,22/09/2026 20:55
4d33faa2-9292-4236-a07b-d7fe4c1e08dc,mediocre.nyc,available,32.98,43.98,high,low,8,namecheap,,,25/09/2026 18:51
47f74680-0177-4b35-ae4e-23e203adc4de,profitably.nyc,available,32.98,43.98,high,low,10,namecheap,,,14/09/2026 20:29
29941b7f-0773-4fab-9171-8221225ff9d2,theistic.nyc,available,31.99,31.99,medium,low,8,namesilo,,,11/09/2026 12:41
0e8653eb-a53b-4b41-81e3-be9cfe28f8d5,amplifying.nyc,available,31.99,31.99,medium,low,10,namesilo,,,17/09/2026 20:45
9af36e2f-f783-4b7a-8b99-7d3cf8a287fb,staying.nyc,available,31.99,31.99,high,low,7,namesilo,,,25/09/2026 12:05
d4dabe9e-f851-4269-b430-91a0ba1b75a4,illusive.nyc,available,6.98,43.98,medium,low,8,namecheap,,,21/08/2026 20:13
27903ccf-8faf-4db6-b3d9-e2b2387b584e,aladdin.nyc,premium,9476,,high,medium,7,"GoDaddy.com, LLC",02/11/2014 04:53,01/11/2026 23:59,
4e068e9e-8215-40c4-adda-fabe831dda37,achira.nyc,available,31.99,31.99,medium,low,6,namesilo,,,17/09/2026 00:42
e0bafef7-c52c-4349-bbbf-cd49b26ec755,tweedy.nyc,available,6.98,43.98,medium,low,6,namecheap,,,21/08/2026 11:21
b791875f-38c7-452a-a1f6-18dac0f94166,implied.nyc,available,31.99,31.99,high,low,7,namesilo,,,
3ed96a48-bc1a-4a65-8ff4-dcc3a42f3468,pabulum.nyc,available,6.98,43.98,medium,low,7,namecheap,,,12/08/2026 18:49
d06d6788-e1fc-4c59-b186-0e7c443191d6,incentive.nyc,available,43.98,,high,low,9,namecheap,,,
bb8cdd34-411d-4f85-af7c-16e8a4db185c,aboriginal.nyc,available,31.99,31.99,high,low,10,namesilo,,,
d4cda3ed-0f3c-43de-80f2-1663d91fd5d6,laziness.nyc,available,31.99,31.99,medium,low,8,namesilo,,,
c73c88b9-73cf-41d3-80b8-4d3c555c4fba,sensing.nyc,available,31.99,31.99,high,low,7,namesilo,,,
28ad2e59-82d1-4951-b708-2a731648e61a,blinding.nyc,available,6.98,43.98,high,low,8,namecheap,,,10/08/2026 13:42
929d7028-38fd-449b-926b-0c227acce7d6,buzzed.nyc,available,31.99,31.99,high,low,6,namesilo,,,
a13dd756-e710-459d-b55e-f6fce4536a2d,uncontrollable.nyc,available,31.99,31.99,medium,low,14,namesilo,,,
b9457bae-4738-4fde-be48-fd7cd5544ed9,embarrassing.nyc,available,31.99,31.99,high,low,12,namesilo,,,27/09/2026 06:37
3f451684-6409-422d-a6b4-7d5068f0ae31,matte.nyc,available,31.99,31.99,high,low,5,namesilo,,,25/09/2026 17:39
8c5829d0-e6a9-4889-a78d-e233ca177d4f,aorta.nyc,available,31.99,31.99,high,low,5,namesilo,,,19/09/2026 16:04
21956fe0-3d9d-4815-80d5-56b96d1d9939,monetary.nyc,available,32.98,43.98,high,low,8,namecheap,,,25/09/2026 21:29
bb6bd258-dd16-474b-84ac-03417c611379,afghani.nyc,available,31.99,31.99,medium,low,7,namesilo,,,
75837cfc-e75e-47e4-b1e3-f88c15be118f,autopsy.nyc,available,31.99,31.99,high,low,7,namesilo,,,21/09/2026 07:38
e45d15ef-08a5-4939-a90f-c9a3be7817da,relax.nyc,resell,,,high,low,5,,,,27/09/2026 06:03
a7e3ae88-9551-411c-9600-7c30487f3471,malaysian.nyc,premium,625,46.99,high,low,9,name.com,,,24/08/2026 13:46
46a39b57-8871-47b7-a2b2-5005aac2ceb3,carelessly.nyc,available,31.99,31.99,medium,low,10,namesilo,,,14/09/2026 05:19
4e204ffa-a92e-4993-90fd-abbdf76277f7,fractions.nyc,available,31.99,31.99,medium,low,9,namesilo,,,20/09/2026 01:27
43357d59-b196-4bfd-a2d3-b1f0d7e5bef9,skeletal.nyc,available,6.98,43.98,high,low,8,namecheap,,,10/08/2026 19:00
a1493ebf-ed65-4d00-955f-460b760a7b37,unq.nyc,premium,640,29.5,medium,low,3,namesilo,,,20/09/2026 22:06
fa8de086-bab6-4c25-8de1-ed5607a85b19,honestly.nyc,available,31.99,31.99,high,low,8,namesilo,,,
c9bfde63-9095-41bd-b0d2-73a6fbb5dcce,crap.nyc,available,,,high,low,4,,,,
36fd1c2d-2264-47ed-a2c1-81c122426654,beignet.nyc,available,31.99,31.99,medium,low,7,namesilo,,,23/09/2026 04:07
c9e04817-ea22-42a4-bff8-73b72d0dee19,peoria.nyc,available,31.99,31.99,high,low,6,namesilo,,,27/09/2026 04:58
84120627-9900-4299-a45a-1c249860333c,animosity.nyc,available,31.99,31.99,medium,low,9,namesilo,,,19/09/2026 09:20
5b024aa7-d33f-4067-8848-19c81e642e9c,greenville.nyc,available,31.99,31.99,high,low,10,namesilo,,,25/09/2026 06:42
127a4a59-b093-48f4-ab93-c2df36b72e7c,stringent.nyc,available,31.99,31.99,medium,low,9,namesilo,,,10/09/2026 22:40
c24a43b2-a284-48d0-859f-6872d2ee4ab7,lesion.nyc,available,31.99,31.99,high,low,6,namesilo,,,13/09/2026 13:28
9b1d94ea-a132-4ea7-888f-50d9167d88ff,frock.nyc,available,6.98,43.98,medium,low,5,namecheap,,,14/08/2026 18:55
14e137d7-7d43-4f67-9a68-77194dfe3c69,concern.nyc,available,31.99,31.99,high,low,7,namesilo,,,
edfb2813-a087-4cf9-81a1-96cf3af16d37,checkpoint.nyc,available,31.99,31.99,high,low,10,namesilo,,,24/09/2026 14:03
cb4f4dae-2f59-4af6-8f6a-bd2ea2cdd1c4,factor.nyc,available,,,high,low,6,,,,
cb655a03-3478-4a23-a3a8-bb74fd6c1a04,afterimage.nyc,available,31.99,31.99,high,low,10,namesilo,,,17/09/2026 15:42
364bb88e-7234-4fb7-8019-4f5abe44aa2b,lutecium.nyc,available,31.99,31.99,medium,low,8,namesilo,,,20/09/2026 23:39
c0ef332e-7ec2-4e5b-b039-c99b01173c01,authorial.nyc,available,6.98,43.98,medium,low,9,namecheap,,,07/08/2026 16:19
abe30f48-1f2a-4f18-b7aa-bccab7c44f00,responded.nyc,available,32.98,43.98,medium,low,9,namecheap,,,18/09/2026 18:02
31ff83f7-164a-453a-8391-08525ae88749,perverted.nyc,available,6.98,43.98,medium,low,9,namecheap,,,14/08/2026 02:36
bd53fb2a-177e-4f58-8881-667478f798cc,cdc.nyc,premium,640,29.5,high,low,3,namesilo,,,25/09/2026 22:11
57ce0311-890e-47ee-b853-f80ddcaeb623,slack.nyc,available,6.98,43.98,high,low,5,namecheap,,,22/08/2026 21:24
400e244d-a102-4339-9d53-57822bace55f,cystic.nyc,available,43.99,46.99,medium,low,6,name.com,,,13/08/2026 14:36
4632b27f-c19a-42b1-b027-d012781a571f,twelve.nyc,available,32.98,43.98,high,low,6,namecheap,,,21/09/2026 11:23
9ea20abb-3012-4303-ba38-bab1ec855ec7,differently.nyc,available,31.99,31.99,medium,low,11,namesilo,,,26/09/2026 03:11
56c6e3cb-683a-4dbb-b149-cf14bf602b7e,supposable.nyc,available,31.99,31.99,high,medium,10,namesilo,,,09/09/2026 01:46
eb7a4bf2-416d-408b-93ee-e52a51ae68b6,sickly.nyc,available,32.98,43.98,high,low,6,namecheap,,,
088ff5d0-bc65-4d5f-bb54-a456d401315c,fleeting.nyc,available,6.98,43.98,high,low,8,namecheap,,,18/08/2026 07:51
65b3902d-c38d-4cc2-89b6-415dbf99b508,xxxii.nyc,available,31.99,31.99,medium,low,5,namesilo,,,
89e53d6e-4c88-4362-9776-88cf21ec60ab,soundly.nyc,available,32.98,43.98,high,low,7,namecheap,,,16/09/2026 05:34
8feb584c-9724-4ee9-8e7f-b9b3832b71b4,biologic.nyc,available,6.98,43.98,high,low,8,namecheap,,,10/08/2026 02:14
926081bc-ee37-4b23-bd6f-ba1a526b2d7e,colourize.nyc,available,6.98,43.98,medium,low,9,namecheap,,,12/08/2026 17:40
45248736-ed10-457d-b44b-54aeb1d794d8,abysmal.nyc,available,31.99,31.99,medium,low,7,namesilo,,,
6c21a7a2-5f63-42f8-8528-4491fbf40fb5,maybe.nyc,available,43.98,,high,low,5,namecheap,,,
3ee18ffa-5a61-4830-9e17-53ceea08507f,frozen.nyc,available,32.98,43.98,high,low,6,namecheap,,,24/09/2026 19:29
d5bfb3aa-62ba-415b-a397-6a5e60940fab,proves.nyc,available,31.99,31.99,medium,low,6,namesilo,,,18/09/2026 07:04
1047ccc2-9f98-4356-8fbc-662b97674641,agendum.nyc,available,32.98,43.98,medium,low,7,namecheap,,,17/09/2026 17:05
2f61a552-1181-44c2-9016-4cb098c4122a,personals.nyc,premium,6500,32.5,medium,low,9,namecheap,,,08/09/2026 05:02
b10452dd-4545-4801-8778-381ff33d72ad,dutiful.nyc,available,6.98,43.98,high,low,7,namecheap,,,14/08/2026 21:39
236ae030-56f4-4b1f-b4ca-89060eb45436,aarhus.nyc,available,31.99,31.99,high,low,6,namesilo,,,16/09/2026 13:27
ce6a8bbb-1b05-41c8-8ae5-ca029222ba5b,unsorted.nyc,available,31.99,31.99,medium,low,8,namesilo,,,12/09/2026 04:50
d7f940eb-ae57-4de9-9b9b-c576f9bba07d,castled.nyc,available,6.98,43.98,medium,low,7,namecheap,,,11/08/2026 20:28
3ecb6514-0c83-4b0b-a4f3-362cc03247ef,sacked.nyc,available,32.98,43.98,medium,low,6,namecheap,,,24/09/2026 06:49
f5eb09ec-cd0b-4bd3-91a5-cbbe5059626a,clubby.nyc,available,6.98,43.98,medium,low,6,namecheap,,,12/08/2026 11:19
b03e301f-0b32-4330-96f1-04f77c5d6bd2,afar.nyc,available,31.99,31.99,medium,low,4,namesilo,,,13/09/2026 17:46
c582f3d0-822c-457f-8e67-b2d4652bed48,elaborate.nyc,available,31.99,31.99,high,low,9,namesilo,,,24/09/2026 07:12
a9cd2e62-e78b-416e-af2c-4d954233d3cc,flattering.nyc,available,6.98,43.98,high,low,10,namecheap,,,18/08/2026 06:57
915f29c1-638b-4648-810b-a67f86e244d9,direction.nyc,available,31.99,31.99,high,low,9,namesilo,,,
d9b9cd6d-8b20-4261-abb8-444ed33a697f,asceticism.nyc,available,32.98,43.98,high,low,10,namecheap,,,20/09/2026 13:08
d118df4a-6402-488b-98b0-032ce1557089,azo.nyc,premium,625,46.99,high,low,3,name.com,,,08/08/2026 02:17
c01d6850-535c-4ca4-8596-5b909d0d7938,lousy.nyc,available,31.99,31.99,medium,low,5,namesilo,,,24/09/2026 01:33
2fef145d-793c-4b5a-88d7-73ff05233982,beth.nyc,premium,302.5,29.5,medium,low,4,namesilo,,,23/09/2026 11:12
6aadeaa1-0325-43a1-a3df-494447bc6f36,exigent.nyc,available,6.98,43.98,medium,low,7,namecheap,,,13/08/2026 09:31
f8572a16-aa51-4e75-a4bc-2d47356e4f9b,ascites.nyc,available,31.99,31.99,medium,low,7,namesilo,,,20/09/2026 13:17
44cc166c-ad76-4ebd-b647-7edb5c5d798a,hallmark.nyc,available,32.98,43.98,high,medium,8,namecheap,,,20/09/2026 15:56
387bed51-27c8-45e3-b2b4-c3b5fd770bdf,graduated.nyc,available,6.98,43.98,high,low,9,namecheap,,,11/08/2026 14:18
6ed7f892-425f-4bb0-903f-e4995d50332f,palsied.nyc,available,31.99,31.99,medium,low,7,namesilo,,,05/09/2026 00:19
9e892ed1-6a89-4940-a3c4-5d4a83f287ef,scalene.nyc,available,31.99,31.99,medium,low,7,namesilo,,,09/09/2026 22:25
cab50820-e84f-4210-88dd-8465126ae069,godfrey.nyc,available,43.99,46.99,high,low,7,name.com,,,25/09/2026 18:26
9f714fb8-0d77-4c3d-ba53-4fe615e7287d,age.nyc,premium,1107,29.5,high,low,3,namesilo,,,19/09/2026 07:13
94a8421c-cc84-49f5-b5b5-98edc4461026,porcine.nyc,available,6.98,43.98,medium,low,7,namecheap,,,21/08/2026 10:21
81949228-0b93-4383-8a20-08a20dbd57c5,bleached.nyc,available,6.98,43.98,medium,low,8,namecheap,,,10/08/2026 13:52
05b70e67-7f6c-4927-b1ab-a8de5c6eb0cb,edacious.nyc,available,6.98,43.98,medium,low,8,namecheap,,,15/08/2026 05:24
8c09b825-5683-4b1c-b6e6-0ac4f02b782e,refreshed.nyc,available,31.99,31.99,high,low,9,namesilo,,,25/09/2026 11:08
6f4dc67e-fb48-4596-9452-fcf044874a32,asocial.nyc,available,6.98,43.98,medium,low,7,namecheap,,,07/08/2026 04:36
97e701e4-a292-4213-a623-920a1f05aec4,aalborg.nyc,available,31.99,31.99,medium,low,7,namesilo,,,16/09/2026 13:10
f5ec8a7c-e140-4d47-9221-f8db951119a2,cyrillic.nyc,available,43.99,46.99,medium,low,8,name.com,,,13/08/2026 14:33
2ed4432a-d684-4028-814d-5a3d0d0d9da9,honour.nyc,available,31.99,31.99,high,low,6,namesilo,,,16/09/2026 22:47
6e04a291-9fa9-4eb6-9062-c9f313bc7788,directive.nyc,available,6.98,43.98,high,low,9,namecheap,,,14/08/2026 08:48
b157c7cf-794e-45d1-8bef-26f48fc6f5d6,sinewy.nyc,available,6.98,43.98,medium,low,6,namecheap,,,11/08/2026 02:52
5783e9a3-96e9-44eb-be8d-991c9a6e20fa,quickest.nyc,available,32.98,43.98,medium,low,8,namecheap,,,14/09/2026 17:48
e4a7b3b1-0f41-413d-a7da-389aad8937a1,dior.nyc,available,31.99,31.99,high,medium,4,namesilo,,,24/09/2026 14:51
e3be2efa-5b74-471a-911c-fc04d64275fd,speaker.nyc,available,,,high,low,7,,,,
1bdc6b4a-2196-482e-ae2a-9a54f4f51d87,tinkly.nyc,available,31.99,31.99,medium,low,6,namesilo,,,11/09/2026 16:15
00f077ab-a471-474e-a884-43453888d775,wilted.nyc,available,6.98,43.98,medium,low,6,namecheap,,,23/08/2026 13:24
925ac84a-bd4d-484e-9332-f046a92687f8,discursive.nyc,available,6.98,43.98,medium,low,10,namecheap,,,14/08/2026 06:00
2ccffa03-5242-47a3-ab77-6119c3ae6429,nailed.nyc,available,31.99,31.99,medium,low,6,namesilo,,,18/09/2026 21:49
52c4e079-19d4-4d6b-9afa-33c457e021c2,buffet.nyc,available,31.99,31.99,high,low,6,namesilo,,,19/09/2026 17:05
c91142ec-9e83-4ea1-942f-857253983702,absorber.nyc,available,32.98,43.98,high,low,8,namecheap,,,16/09/2026 18:17
2027cb90-31f3-47cc-b3ca-0ab437c9db40,water.nyc,available,,,high,medium,5,,,,
03e446a3-3f11-4406-9a8c-cf09d147ea1d,rhapsodic.nyc,available,6.98,43.98,high,low,9,namecheap,,,14/08/2026 23:52
51ff3ebd-60bc-4189-8d7b-4f7972af0e0c,footing.nyc,available,31.99,31.99,high,low,7,namesilo,,,22/09/2026 11:02
59db011a-bf1d-4db9-9c71-9261f15af9e7,kilogramme.nyc,available,43.98,,medium,low,10,namecheap,,,
9c968213-cd25-420e-a918-a68d72ffd29c,greater.nyc,resell,,,high,low,7,Go Australia Domains Inc,08/10/2014 15:00,07/10/2027 23:59,26/09/2026 06:29
8d945197-f9f5-41f7-975f-8279668a7ca4,competency.nyc,available,31.99,31.99,high,low,10,namesilo,,,24/09/2026 16:48
b5268319-9dc0-46fa-af14-8e28501cda82,sopping.nyc,available,31.99,31.99,medium,low,7,namesilo,,,14/09/2026 14:30
ebd9d8c5-dd93-4a68-8102-69c20dcb6683,suck.nyc,available,31.99,31.99,high,low,4,namesilo,,,
8f1a061d-ce65-44e9-8742-16444f8e866f,dishy.nyc,available,6.98,43.98,medium,low,5,namecheap,,,14/08/2026 11:03
6fd0388f-2b15-4d1b-b0d2-b2f2f0f35e7b,abortus.nyc,available,31.99,31.99,medium,low,7,namesilo,,,16/09/2026 16:40
c2353ac5-a9af-4ab8-8c75-f4df780e7dd2,camwood.nyc,available,31.99,31.99,medium,low,7,namesilo,,,17/09/2026 15:22
d188cb44-595c-4319-8ea5-2876f8447df5,wheels.nyc,premium,650,32.5,high,low,6,namecheap,,,17/09/2026 12:21
d65d50bb-515b-4965-b31e-3c491dd5d212,barron.nyc,available,32.98,43.98,high,low,6,namecheap,,,27/09/2026 08:02
bbd4992f-9c28-41a7-8ef8-81195b451652,comically.nyc,available,31.99,31.99,medium,low,9,namesilo,,,14/09/2026 07:31
15fbf03c-38ae-4a5e-b4a9-9d808e8ebc01,motorcar.nyc,available,31.99,31.99,high,low,8,namesilo,,,21/09/2026 05:29
f2b28644-9c97-49f1-9d3a-215f785d1081,springy.nyc,available,6.98,43.98,high,low,7,namecheap,,,10/08/2026 21:49
39363081-4ec9-4b5f-9edb-a26f87018429,recruited.nyc,available,31.99,31.99,medium,low,9,namesilo,,,18/09/2026 00:53
186a1800-6ea6-440d-a8a8-041500901ba0,gusty.nyc,available,6.98,43.98,high,low,5,namecheap,,,20/08/2026 21:10
f011bb26-50bd-48fb-83c0-0f139c679caf,sounding.nyc,available,31.99,31.99,high,low,8,namesilo,,,25/09/2026 14:20
b7226578-ac6d-4ac6-9273-086eaa8c286c,eon.nyc,premium,640,29.5,high,low,3,namesilo,,,17/09/2026 12:38
09f0fba0-4b44-452e-9878-1a1775a3f27b,abomasum.nyc,available,31.99,31.99,medium,low,8,namesilo,,,16/09/2026 16:29
ac96ea73-1ba3-44f9-b97d-388676f52f87,orlando.nyc,premium,302.5,29.5,high,low,7,namesilo,,,25/09/2026 09:39
b64d1303-3c1a-4575-ac5c-35ecca128ce7,lists.nyc,premium,640,29.5,high,low,5,namesilo,,,17/09/2026 08:32
24ee66ad-af8e-4980-a53d-38d03650980b,dionysian.nyc,available,6.98,43.98,medium,low,9,namecheap,,,14/08/2026 08:24
f3585c3a-89f4-4916-894f-7e81a24e0871,futurist.nyc,available,6.98,43.98,high,low,8,namecheap,,,18/08/2026 19:19
572fce35-77e6-4a61-978a-95e0cd3fec77,enormously.nyc,available,31.99,31.99,high,low,10,namesilo,,,14/09/2026 15:47
4fe2b5f3-5196-4ed8-82d6-8b999f912ae4,cords.nyc,available,32.98,43.98,medium,low,5,namecheap,,,24/09/2026 18:14
498c7d0e-eb6a-4d7c-bea8-5bb987779c16,strong.nyc,resell,,,high,low,6,Hello Internet Corp.,23/12/2015 17:39,22/12/2027 23:59,26/09/2026 09:21
bd698470-109a-4484-9ce9-f8795a040547,newsy.nyc,available,6.98,43.98,high,low,5,namecheap,,,20/08/2026 17:15
9dc08b8c-57b4-4801-ae92-956bcee0af8a,saudi.nyc,available,31.99,31.99,high,low,5,namesilo,,,09/09/2026 21:58
5019aea6-f617-4056-b884-872b97081132,loathing.nyc,available,43.99,46.99,medium,low,8,name.com,,,16/09/2026 15:27
ee60e22d-695e-468e-8540-30ee0b9d6d2f,silty.nyc,available,31.99,31.99,high,medium,5,namesilo,,,10/09/2026 08:10
e9397749-6f39-4e73-a59a-c4785e398e9b,tuppeny.nyc,available,31.99,31.99,medium,low,7,namesilo,,,10/09/2026 09:12
3b8a7629-805a-475b-96ef-46055a1e819b,luncheon.nyc,available,31.99,31.99,high,low,8,namesilo,,,
f42f5798-d392-4a1f-9a83-17580275e62d,chanted.nyc,available,6.98,43.98,medium,low,7,namecheap,,,12/08/2026 02:00
9b8b2e4d-ac34-47b9-9e2c-7743c405f2b6,keno.nyc,available,31.99,31.99,high,low,4,namesilo,,,22/09/2026 20:42
4870dada-c359-4688-910a-bd237aa944b2,campanula.nyc,available,31.99,31.99,high,low,9,namesilo,,,23/09/2026 06:05
4eaba1f2-2a46-492f-8eb8-d6d42965340f,orienting.nyc,available,32.98,43.98,high,low,9,namecheap,,,04/09/2026 17:56
f82c8f30-fb62-480b-91bf-340c1bbdb925,crownless.nyc,available,6.98,43.98,medium,low,9,namecheap,,,13/08/2026 08:38
9b12a77f-fe14-4310-9a28-bc8a48b7d47b,needful.nyc,available,31.99,31.99,high,low,7,namesilo,,,03/09/2026 14:51
be5cfcc2-ca75-4607-b234-a70a86b7b636,scholarship.nyc,premium,1300,32.5,high,low,11,namecheap,,,25/09/2026 12:31
6aedb8b2-de2b-4f14-88ab-e2f52992bc2d,unemployment.nyc,available,,,high,low,12,,,,
63dd8a88-95da-4e37-9518-2802c2ba8d58,soleless.nyc,available,31.99,31.99,low,low,8,namesilo,,,10/09/2026 13:37
d4da14c9-6c5b-4f89-ae94-5a254500ebec,transitive.nyc,available,32.98,43.98,high,low,10,namecheap,,,11/09/2026 18:55
2fa4364a-8541-446f-b08a-006d03cf86b1,anglican.nyc,available,31.99,31.99,high,low,8,namesilo,,,
9671b672-d80e-43e2-9a93-141f1f12cb9b,columbine.nyc,available,31.99,31.99,medium,low,9,namesilo,,,19/09/2026 23:13
90619e87-2a5d-4037-b7f3-1cb0c9414d11,countless.nyc,available,31.99,31.99,high,low,9,namesilo,,,24/09/2026 00:28
d26d3678-a3f1-4330-8a06-27434faf5138,cricket.nyc,premium,1250,,high,low,7,name.com,,,
bd86e459-2f08-4158-957b-0b1d992b0ebc,sheridan.nyc,available,31.99,31.99,high,low,8,namesilo,,,25/09/2026 10:21
fc4a753c-75c8-4a6b-b0d2-ba38a6ef7382,epos.nyc,available,6.98,43.98,high,low,4,namecheap,,,17/08/2026 10:28
f62c4641-5ff8-45d6-b004-023d94c91ad5,sloped.nyc,available,6.98,43.98,medium,low,6,namecheap,,,07/08/2026 04:26
32c3de5d-6450-457c-978b-12421878fb17,biotite.nyc,available,32.98,43.98,high,low,7,namecheap,,,23/09/2026 19:13
91fe5aed-279d-4464-a492-c23c7ab5154a,organised.nyc,available,31.99,31.99,high,low,9,namesilo,,,26/09/2026 00:28
1f34d666-77ec-4c76-a54f-3479a3701b25,iniquity.nyc,available,6.98,43.98,medium,low,8,namecheap,,,17/08/2026 15:08
6292d92f-aa3f-447a-be2f-cd40124b49dd,alveolus.nyc,available,32.98,43.98,medium,low,8,namecheap,,,17/09/2026 22:03
eb4cd234-269b-4d37-9316-868a7f28a6c2,pitt.nyc,available,31.99,31.99,high,low,4,namesilo,,,25/09/2026 06:04
d37ca71a-1298-4d37-bc7f-29c3115af8d4,spangly.nyc,available,6.98,43.98,medium,low,7,namecheap,,,18/08/2026 21:20
0f6ab9c6-193a-42fc-8729-38e2b54fdc9b,guyanese.nyc,available,6.98,43.98,high,low,8,namecheap,,,20/08/2026 21:17
b98e6680-a0bc-4739-902c-3ecee1bdd85d,rouser.nyc,available,31.99,31.99,medium,low,6,namesilo,,,20/09/2026 08:33
0d7653de-f5df-4561-8062-be89a6c9b073,shallow.nyc,available,31.99,31.99,medium,low,7,namesilo,,,
bd6dc740-5f94-4470-8500-e6bcdee0e3ff,wilkinson.nyc,available,31.99,31.99,high,low,9,namesilo,,,25/09/2026 10:42
d199b363-b5e2-40b1-9d07-6a64d76fc6b1,mangold.nyc,available,31.99,31.99,medium,low,7,namesilo,,,23/09/2026 11:02
1b361d89-8386-42ae-b050-d96f641977ba,expires.nyc,available,31.99,31.99,medium,low,7,namesilo,,,20/09/2026 13:50
33e0ffba-a368-4553-8982-e723cf49d055,bahasa.nyc,available,31.99,31.99,medium,low,6,namesilo,,,21/09/2026 18:41
0ce8fb1a-1107-48d6-96a9-009a6b2e3a62,smothered.nyc,available,31.99,31.99,medium,low,9,namesilo,,,10/09/2026 12:11
4b5a9792-0f03-4d27-8206-6ef7cd1a32c3,oneiric.nyc,available,31.99,31.99,medium,low,7,namesilo,,,04/09/2026 15:12
ecc4275d-7b6b-490b-af6a-4ab09af574d9,dearie.nyc,available,43.99,46.99,high,low,6,name.com,,,13/08/2026 18:19
7b57ee4b-06d8-403c-a796-dfa7ef6d627f,whizz.nyc,available,32.98,43.98,high,low,5,namecheap,,,21/09/2026 18:06
54ec93c9-4361-488b-855b-ee58fd5c52ef,shambolic.nyc,available,31.99,31.99,medium,low,9,namesilo,,,10/09/2026 05:51
06486f46-56f9-41a4-9566-6d12b9c4024b,confide.nyc,available,,,high,low,7,,,,
b69cd70d-595f-4924-bb32-74ea91c1982b,toter.nyc,available,32.98,43.98,medium,low,5,namecheap,,,22/09/2026 21:16
74e4b9c7-81c7-495d-96fe-8b13da44b4c5,quelled.nyc,available,31.99,31.99,medium,low,7,namesilo,,,09/09/2026 08:24
956becdf-c185-44ff-a87b-ab2e61676415,nodding.nyc,available,6.98,43.98,high,low,7,namecheap,,,12/08/2026 00:48
533a2bfc-c516-4293-83f7-b8fc23e2755a,barbarous.nyc,available,6.98,43.98,medium,low,9,namecheap,,,08/08/2026 15:40
42018020-68bf-44fa-a61e-d99224c1c112,woodsy.nyc,available,6.98,43.98,high,low,6,namecheap,,,06/08/2026 13:04
8be35b30-fba0-4e12-8d82-711d9dfb13f6,lusty.nyc,available,6.98,43.98,high,low,5,namecheap,,,12/08/2026 20:20
79795ad7-844c-4c77-843e-96ff0cf08c7c,pickled.nyc,available,9.99,46.99,high,medium,7,name.com,,,08/09/2026 19:30
daf1edbe-fa14-413a-abff-3e6ef6160a0b,diatomic.nyc,available,6.98,43.98,medium,low,8,namecheap,,,14/08/2026 06:19
e1daa471-ee71-4ebb-8f8d-ea9b2db91098,guatemalan.nyc,available,6.98,43.98,high,low,10,namecheap,,,20/08/2026 20:45
1b39aaa8-1c00-40bc-b3df-932cad66576c,clipboards.nyc,available,31.99,31.99,medium,low,10,namesilo,,,20/09/2026 11:59
f479159c-3734-4c8d-a933-f46263429e9f,toady.nyc,available,31.99,31.99,medium,low,5,namesilo,,,20/09/2026 15:35
7a0cec80-c2eb-4add-b168-c4010740a961,execrable.nyc,available,31.99,31.99,medium,low,9,namesilo,,,
23156d3e-0923-4060-84ab-2348a8aa4f16,appendage.nyc,available,32.98,43.98,medium,low,9,namecheap,,,19/09/2026 20:35
40fc775e-4c50-456b-a429-3237b32319bc,abs.nyc,premium,640,29.5,high,low,3,namesilo,,,16/09/2026 17:29
6141ce98-dae4-410e-b893-3c4b1a0126fe,irritate.nyc,available,31.99,31.99,medium,low,8,namesilo,,,
cfce4da3-2176-45d2-b99b-8372b1e77d68,apocynum.nyc,available,32.98,43.98,medium,low,8,namecheap,,,19/09/2026 18:15
a573e9d2-fa21-4b86-ba8e-3640f5226e0c,disc.nyc,available,31.99,31.99,high,low,4,namesilo,,,
9dda3dea-1e13-45c3-b732-512423d0b5d2,hess.nyc,available,31.99,31.99,high,low,4,namesilo,,,27/09/2026 03:38
5a7c203f-8ccc-43c9-b2dc-e1d72f1d57f9,plc.nyc,premium,640,29.5,high,low,3,namesilo,,,25/09/2026 12:32
b5b54855-b116-4dd3-91ea-c269fc3fe30e,agnostical.nyc,available,32.98,43.98,medium,low,10,namecheap,,,
582e484b-aa60-4590-b7cb-490771a9cee8,responsive.nyc,available,31.99,31.99,high,low,10,namesilo,,,22/09/2026 06:49
0d46576d-fa7f-4da5-b873-879a00466f80,buttery.nyc,available,32.98,43.98,high,low,7,namecheap,,,19/09/2026 18:30
d4381c7a-16ad-4034-bfed-f4a4fff29a20,voltaire.nyc,available,32.98,43.98,high,low,8,namecheap,,,20/09/2026 08:29
8f9f97b6-4c20-4d89-86dc-efeb000fa5b8,twiggy.nyc,available,32.98,43.98,medium,low,6,namecheap,,,11/09/2026 21:34
70c1d243-151c-414c-8309-642784f007ff,abrader.nyc,available,31.99,31.99,medium,low,7,namesilo,,,16/09/2026 16:48
48b46ab1-73a8-48b5-8664-f7b23c390921,carob.nyc,available,31.99,31.99,medium,low,5,namesilo,,,18/09/2026 06:50
c7067e86-4b5f-4fd2-9326-18af594d9917,fulgid.nyc,available,31.99,31.99,medium,low,6,namesilo,,,
445784f9-150d-4c07-b136-d7b0af2be5fc,bereft.nyc,available,6.98,43.98,low,low,6,namecheap,,,09/08/2026 15:05
2f30f1e0-5560-42b1-91e4-dfcc43777ddf,unwonted.nyc,available,31.99,31.99,low,low,8,namesilo,,,12/09/2026 22:48
23e6027e-dd62-4f7f-87f7-cda2e58c5ffa,bardic.nyc,available,6.98,43.98,medium,low,6,namecheap,,,08/08/2026 18:00
4388e001-0e16-473a-b37f-0655559715fc,tournament.nyc,available,31.99,31.99,high,low,10,namesilo,,,27/09/2026 05:49
11e1055c-7957-4c75-b8f4-b6706061ecfb,came.nyc,available,31.99,31.99,high,low,4,namesilo,,,
0e35d401-d6c2-4813-9a8b-d47738b81451,busch.nyc,available,31.99,31.99,medium,low,5,namesilo,,,27/09/2026 03:12
2da89a38-68bf-42c7-ad11-55f2a09136d0,bandmaster.nyc,available,31.99,31.99,high,low,10,namesilo,,,22/09/2026 01:26
8e004716-e344-4e0d-bece-16b8b7d1ac48,granddaughter.nyc,available,31.99,31.99,high,low,13,namesilo,,,
9cdfe4d4-75c5-4d78-91b9-87d1aedef882,distaste.nyc,available,31.99,31.99,medium,low,8,namesilo,,,19/09/2026 14:55
5d6b3b19-577c-4710-8a35-4c82934f1aea,stably.nyc,available,31.99,31.99,high,low,6,namesilo,,,16/09/2026 06:43
1e3fb7e5-c1fa-4427-9b54-c268669e405b,tormented.nyc,available,31.99,31.99,medium,low,9,namesilo,,,
b85eb007-1e5f-42cc-b980-37f9c195bf28,retaliator.nyc,available,32.98,43.98,medium,low,10,namecheap,,,21/09/2026 08:57
bef17f70-cc07-45d9-9bbb-42e284d0c141,asana.nyc,available,31.99,31.99,high,low,5,namesilo,,,20/09/2026 12:49
32412b46-6251-48d8-8d26-184c16378cea,avicennia.nyc,available,31.99,31.99,medium,low,9,namesilo,,,21/09/2026 09:24
8b188d30-c1b4-4732-8997-7c319890fbf3,session.nyc,available,32.98,43.98,high,low,7,namecheap,,,25/09/2026 13:55
03ac67c5-6f51-4bb9-be68-1446bd0804b5,exact.nyc,available,31.99,31.99,high,low,5,namesilo,,,24/09/2026 15:46
3405a131-826d-4a38-b053-e683af7677b1,wore.nyc,available,31.99,31.99,medium,low,4,namesilo,,,
bbb86e17-9c8d-49f8-a929-f36587e2f6e1,palatal.nyc,available,31.99,31.99,medium,low,7,namesilo,,,04/09/2026 23:18
709abf0a-bbab-4b21-bcba-7bdcca131f93,feisty.nyc,available,6.98,43.98,high,low,6,namecheap,,,18/08/2026 00:45
112d5304-b57a-49f8-8712-75dd452314bd,serrated.nyc,available,31.99,31.99,medium,low,8,namesilo,,,03/09/2026 22:08
a0ec326a-074d-4451-bba0-329a7817c7fd,folks.nyc,available,31.99,31.99,high,low,5,namesilo,,,24/09/2026 16:34
e1bfbf30-d69c-496e-b656-d25745ab23aa,eventful.nyc,available,6.98,43.98,high,low,8,namecheap,,,12/08/2026 22:36
be452e11-5284-47a0-85a8-3e49d7a2f19a,transmit.nyc,available,43.98,,high,low,8,namecheap,,,
4cab4b94-5614-422b-b728-de5bb88681ed,bodacious.nyc,available,6.98,43.98,high,low,9,namecheap,,,10/08/2026 16:42
ea60e450-6055-44ed-9f29-777c8a7055c1,tuesdays.nyc,available,43.98,,high,low,8,namecheap,,,
d175148b-c339-40e0-b112-af82c95ceff5,squealer.nyc,available,31.99,31.99,medium,low,8,namesilo,,,23/09/2026 11:32
702034f7-ce98-456c-b3af-d83c8944ccd0,tks.nyc,premium,625,,high,low,3,name.com,,,
a620d60b-48ba-41e1-aed9-e288934bdee5,seraphic.nyc,available,6.98,43.98,high,low,8,namecheap,,,12/08/2026 04:26
2a784fe9-1dae-40aa-ac49-aa5129bf659d,matter.nyc,available,31.99,31.99,high,low,6,namesilo,,,
94f9dc27-3444-486b-b9b4-8f2b9efa7417,uracil.nyc,available,31.99,31.99,medium,low,6,namesilo,,,11/09/2026 22:36
1acc504e-0b87-405e-ae54-800895a0a1ef,malted.nyc,available,6.98,43.98,high,low,6,namecheap,,,24/08/2026 14:12
ef5139bb-ff96-4aab-956a-622b53ed6cf1,frankish.nyc,available,6.98,43.98,medium,low,8,namecheap,,,18/08/2026 14:14
86a51337-3425-4e4f-a146-1468bddf2764,unbounded.nyc,available,6.98,43.98,high,medium,9,namecheap,,,10/08/2026 22:34
764c6fdf-92a3-4b74-a974-e3e6f5a33935,alky.nyc,available,31.99,31.99,medium,low,4,namesilo,,,
2bf94161-e1e1-4846-8026-615dfa92a03c,viewable.nyc,available,31.99,31.99,high,low,8,namesilo,,,13/09/2026 05:37
214727cb-3dd6-4ffe-b852-caf190c15c74,isolation.nyc,available,32.98,43.98,high,low,9,namecheap,,,24/09/2026 16:00
e08960c4-8cc6-4993-8b92-663258e6d22d,beech.nyc,available,31.99,31.99,high,low,5,namesilo,,,23/09/2026 00:02
0888632d-cdde-47da-ae19-996c0696e897,affair.nyc,premium,3450,29.5,high,low,6,namesilo,,,17/09/2026 13:59
6773fba6-33e5-4cf5-be73-8c48b16579cd,snugly.nyc,available,31.99,31.99,medium,low,6,namesilo,,,16/09/2026 03:31
df4b51da-32c1-49f3-b964-725a0c7d619a,tatum.nyc,available,31.99,31.99,high,low,5,namesilo,,,20/09/2026 10:00
d0232427-147a-436f-bfc0-378b84f90d8b,chocolates.nyc,available,31.99,31.99,high,low,10,namesilo,,,20/09/2026 08:51
cddc6809-89fc-4cc5-bf5c-9b4d8e2f14c3,yugoslav.nyc,available,31.99,31.99,high,high,8,namesilo,,,13/09/2026 14:51
05f0d795-6bb1-43d1-a0b9-bee886db2bd3,upstage.nyc,available,31.99,31.99,high,low,7,namesilo,,,
b2eea8ce-11ed-4bc1-9b4f-ea4605e34d46,yea.nyc,premium,1300,32.5,high,low,3,namecheap,,,16/09/2026 11:48
9299e76a-ebdc-4425-bf84-2a33755026db,norris.nyc,available,31.99,31.99,high,low,6,namesilo,,,23/09/2026 08:18
3371e15b-e4c2-44b1-9530-71c9166e2c48,aerator.nyc,available,31.99,31.99,medium,low,7,namesilo,,,17/09/2026 12:47
5acf77b4-6e7f-442d-9edc-678c901a481c,headstrong.nyc,available,6.98,43.98,medium,low,10,namecheap,,,18/08/2026 16:35
e53dba62-8d8b-465e-a60a-65919f7ef996,birder.nyc,available,43.99,46.99,high,low,6,name.com,,,23/09/2026 20:38
268b3584-db2f-4ccf-8d64-ebaffbb0e407,trucks.nyc,premium,3450,29.5,high,low,6,namesilo,,,25/09/2026 06:07
1c1d6044-0731-402f-99bc-9c18e435ffd8,bankbook.nyc,available,31.99,31.99,high,low,8,namesilo,,,22/09/2026 02:44
bdaf738f-3dd6-4256-8aca-e741d6bde773,blate.nyc,available,6.98,43.98,medium,low,5,namecheap,,,10/08/2026 13:35
57a1c7d1-278e-4e48-b200-3db65cd2a501,thinkable.nyc,available,31.99,31.99,high,low,9,namesilo,,,11/09/2026 13:28
8d2129eb-804e-40e4-8391-a58612f63f0f,linelike.nyc,available,6.98,43.98,medium,low,8,namecheap,,,23/08/2026 15:03
baedc7a6-0ea0-4221-8255-ac562fd2df90,notably.nyc,available,31.99,31.99,medium,low,7,namesilo,,,15/09/2026 16:54
7ff131df-1dea-4c69-ac40-3c292fedbe1c,destructive.nyc,available,43.98,,medium,low,11,namecheap,,,
b0e1bbed-e93a-4bbf-8e31-c207f03807fb,abel.nyc,premium,65,32.5,high,low,4,namecheap,,,16/09/2026 14:57
bdd64d3f-85b7-46e8-835c-804a9ac34059,express.nyc,premium,1300,32.5,high,low,7,namecheap,,,24/09/2026 16:04
6f3e8c11-fa6f-4b99-9d58-80ec016cd106,nitric.nyc,available,6.98,43.98,medium,low,6,namecheap,,,08/08/2026 02:58
809645ec-5c7a-4303-898f-d266142883e3,taint.nyc,available,31.99,31.99,medium,low,5,namesilo,,,24/09/2026 17:39
2bb6c18e-1187-4d06-9add-81c122afee70,barbed.nyc,available,6.98,43.98,medium,low,6,namecheap,,,08/08/2026 16:36
2076bc89-ed6e-47ab-a8e2-754ca1295b72,arcade.nyc,available,31.99,31.99,high,low,6,namesilo,,,20/09/2026 01:36
1f680dad-3b4e-4ec9-af5e-bb09442a7b57,thievery.nyc,available,31.99,31.99,medium,low,8,namesilo,,,11/09/2026 13:20
99a12f93-d055-4542-949f-06c6140e6ce4,upcountry.nyc,available,6.98,43.98,medium,low,9,namecheap,,,24/08/2026 22:37
f8621afb-9423-4444-84de-b5ff9ca1e35e,chorale.nyc,available,6.98,43.98,high,low,7,namecheap,,,12/08/2026 07:04
0ab845da-f07c-4183-b1cc-6130c70ab45b,nub.nyc,premium,640,29.5,high,low,3,namesilo,,,14/09/2026 23:53
8b5ff63a-08d6-4e5b-8fbb-6afa0c305d72,scrape.nyc,available,31.99,31.99,high,low,6,namesilo,,,16/09/2026 16:59
e9c35899-c1cb-4bcc-baf3-ef541734d685,carlton.nyc,available,31.99,31.99,high,low,7,namesilo,,,25/09/2026 15:21
47b19f0b-242b-474e-a920-9eb00c843e5f,emboldened.nyc,available,6.98,43.98,high,low,10,namecheap,,,16/08/2026 10:22
ac2fb05d-5c85-4012-b59e-826370dd8018,slaty.nyc,available,31.99,31.99,medium,low,5,namesilo,,,10/09/2026 10:19
ab257428-b372-46b8-ab04-212498ea2fed,smoked.nyc,resell,,,medium,low,6,"GoDaddy.com, LLC",16/03/2019 00:27,16/03/2027 00:27,26/09/2026 09:06
b0a7d2d1-0033-4b95-a61b-59f50628e11d,vigor.nyc,available,31.99,31.99,high,low,5,namesilo,,,
ee4da956-ee54-42cc-bf4b-52300fc32c2f,angara.nyc,available,31.99,31.99,medium,low,6,namesilo,,,19/09/2026 05:44
19a855e2-cfbb-4ad8-8f94-9f803ab23014,fruity.nyc,available,6.98,43.98,high,low,6,namecheap,,,06/08/2026 21:00
1e4af6d2-7c21-4f1d-a20d-d82846ccc7ab,architrave.nyc,available,32.98,43.98,medium,low,10,namecheap,,,20/09/2026 02:17
8da859e0-a047-4192-bfd4-464e75d0a17a,frivolous.nyc,available,6.98,43.98,high,low,9,namecheap,,,18/08/2026 16:04
108d7919-1e66-4306-9094-bec8d0d852dd,amd.nyc,premium,650,32.5,high,low,3,namecheap,,,17/09/2026 16:44
c2ab3b21-ba33-46ea-91f1-a7f6944e9ab1,climatic.nyc,available,6.98,43.98,high,low,8,namecheap,,,12/08/2026 10:57
dee16739-ffde-49e6-897a-cfa879c8decc,strenuous.nyc,available,31.99,31.99,medium,low,9,namesilo,,,10/09/2026 21:45
09e305a4-b396-4bc5-aadb-81bb9abb2557,airframe.nyc,available,31.99,31.99,high,low,8,namesilo,,,17/09/2026 23:10
1c324c64-53fb-4015-966a-bbd585f0a614,guadalupe.nyc,resell,,,high,low,9,Rabbitsfoot.com LLC d/b/a Oxygen.nyc,18/01/2015 05:17,17/01/2027 23:59,26/09/2026 06:31
cd09d2e8-9339-41cc-baac-26ef4e2cd70d,rasta.nyc,available,31.99,31.99,high,medium,5,namesilo,,,09/09/2026 10:30
06866ab8-87ca-4e56-ba82-7a4c38767354,cumbersome.nyc,available,6.98,43.98,medium,low,10,namecheap,,,13/08/2026 10:25
4c2f8875-c532-49e0-90c5-b4fc5e3d3eea,gandhian.nyc,available,6.98,43.98,high,low,8,namecheap,,,18/08/2026 20:06
cb21862b-1b63-40a5-8133-56bb3a17aad2,contorted.nyc,available,6.98,43.98,medium,low,9,namecheap,,,12/08/2026 23:22
2b76b3aa-065d-488c-a21c-95767cb43639,glibly.nyc,available,32.98,43.98,medium,low,6,namecheap,,,14/09/2026 21:34
9f3d4f22-5643-48b4-bf24-3252604d6d09,agrimonia.nyc,available,32.98,43.98,medium,low,9,namecheap,,,17/09/2026 19:28
5f92a83d-a7b8-4f4d-91e8-b3bb0a234ed0,selections.nyc,available,32.98,43.98,medium,low,10,namecheap,,,20/09/2026 10:53
2ffe7c73-49d1-436c-a17d-2f767e1c26f3,unlit.nyc,available,31.99,31.99,medium,low,5,namesilo,,,12/09/2026 13:03
6764a85f-6b1f-4d75-a2b3-970df57e4b3e,dives.nyc,available,31.99,31.99,high,low,5,namesilo,,,
ef0b45ff-79d2-49a9-9b26-f070c5f2c9c3,bistre.nyc,available,32.98,43.98,medium,low,6,namecheap,,,23/09/2026 22:12
1eea2c5b-39d1-41e8-8676-37cbe3a9c9ef,settled.nyc,available,6.98,43.98,high,low,7,namecheap,,,12/08/2026 17:27
7e855598-7a44-4b09-b80e-8f53bfe09071,afoot.nyc,available,31.99,31.99,medium,low,5,namesilo,,,
2eaa068b-5239-484c-872a-d6d0e8b7feb5,fireproof.nyc,available,6.98,43.98,high,low,9,namecheap,,,18/08/2026 05:07
2ea99d80-5e24-45c9-a7b3-39a8211cb30b,logrolling.nyc,available,32.98,43.98,medium,low,10,namecheap,,,23/09/2026 20:50
71d04b9b-dfdc-44ed-939a-8c0abb903c42,unbordered.nyc,available,31.99,31.99,medium,low,10,namesilo,,,12/09/2026 02:21
cadb9c37-8340-4302-ad5f-0a8970cf7046,crippled.nyc,available,6.98,43.98,medium,low,8,namecheap,,,13/08/2026 07:00
166027ea-1d3e-4ee6-8449-fd2b89be4ac1,ass.nyc,premium,625,46.99,high,low,3,name.com,,,09/08/2026 12:05
382de510-126b-4feb-ac2a-49358e3efa6d,notifiable.nyc,available,31.99,31.99,medium,low,10,namesilo,,,03/09/2026 22:10
0d5e1640-b07f-4efa-b337-ae4a5b13f2cf,axilla.nyc,available,31.99,31.99,medium,low,6,namesilo,,,20/09/2026 07:40
3c40c0d2-f8da-4eab-9b90-02e0199f52f5,manner.nyc,available,31.99,31.99,high,low,6,namesilo,,,
859cc195-18df-4ed8-8c98-81b3c798201c,benefic.nyc,available,6.98,43.98,medium,low,7,namecheap,,,09/08/2026 14:18
a40df80a-3050-4103-8c2a-492ef61c6534,whispered.nyc,available,31.99,31.99,high,low,9,namesilo,,,13/09/2026 11:35
26686bb6-5868-4553-9f12-70f8658b4e43,weighted.nyc,available,31.99,31.99,high,low,8,namesilo,,,13/09/2026 10:08
f631ca0c-c914-4d85-a031-b060a0616d58,benignly.nyc,available,31.99,31.99,medium,low,8,namesilo,,,13/09/2026 23:51
6f52eb98-dfd3-4ba4-aa38-107379b2806c,chop.nyc,premium,53.92,29.5,medium,low,4,namesilo,,,
58596770-dbae-4fee-93d6-12aec8ecd909,pawpaw.nyc,available,31.99,31.99,high,low,6,namesilo,,,20/09/2026 14:11
ed8bc3e2-e46a-4f79-98e6-24ce9b9148e4,menstrual.nyc,available,6.98,43.98,high,low,9,namecheap,,,11/08/2026 20:59
a78acdb0-735f-4196-a754-ed78f75fcde8,projectile.nyc,available,31.99,31.99,high,low,10,namesilo,,,09/09/2026 02:59
bff0178a-cbdb-42b4-aed7-20f7c8c271ed,wonky.nyc,available,6.98,43.98,medium,low,5,namecheap,,,07/08/2026 03:46
afaa0b38-7b47-493e-97df-c270f06a0f4e,personality.nyc,available,43.99,46.99,high,low,11,name.com,,,25/09/2026 16:45
416e75df-7cac-4abd-b347-6c5229438369,named.nyc,available,31.99,31.99,high,low,5,namesilo,,,
32a37d88-02a6-4238-85e9-46c71ae75ed8,ballyrag.nyc,available,6.98,43.98,medium,low,8,namecheap,,,11/08/2026 08:57
143d8fa7-d67d-4fda-be19-9bc2f5c9fde6,prescient.nyc,available,31.99,31.99,high,medium,9,namesilo,,,09/09/2026 01:42
81fde7e0-f4e1-4cbc-ac83-38db07122e7a,grinder.nyc,available,6.98,43.98,medium,low,7,namecheap,,,25/08/2026 03:40
cb2219de-e11e-4435-83f0-8f32eca120a0,dabbled.nyc,available,43.99,46.99,high,low,7,name.com,,,13/08/2026 15:12
c7c0b710-208d-436b-aee5-b8c2a9ebddc1,equatorial.nyc,available,6.98,43.98,high,low,10,namecheap,,,17/08/2026 11:40
e54a2a4c-c3aa-4989-8984-52231910033e,motionless.nyc,available,6.98,43.98,medium,low,10,namecheap,,,25/08/2026 07:28
36c85dd6-19e2-47b0-88b6-a41f71873f09,doubtful.nyc,available,31.99,31.99,high,low,8,namesilo,,,24/09/2026 11:52
bf91729c-2ae8-42d9-b74e-f3028849bbc0,imaginable.nyc,available,32.98,43.98,high,low,10,namecheap,,,23/09/2026 18:44
6b082d43-d4c1-4240-b7b7-b439e422545a,behest.nyc,available,31.99,31.99,high,low,6,namesilo,,,23/09/2026 03:29
941a34aa-679b-49ee-9b42-c8ab59f8d096,arere.nyc,available,31.99,31.99,medium,low,5,namesilo,,,20/09/2026 03:56
1acc2c66-2941-40ad-97e4-51ebf250c9db,amusive.nyc,available,32.98,43.98,medium,low,7,namecheap,,,
5c3713ea-429d-4d0a-923d-26706e30b1ac,agleam.nyc,available,31.99,31.99,medium,low,6,namesilo,,,
162c7747-6b36-4815-9557-12791bbb31f5,consuming.nyc,available,32.98,43.98,high,low,9,namecheap,,,23/09/2026 21:22
1f9ac853-58e6-467b-802f-43788cbea07d,backslider.nyc,available,31.99,31.99,medium,low,10,namesilo,,,21/09/2026 15:58
5b8d1abb-e191-403f-8a2c-e39ffc996b81,grandfathers.nyc,available,31.99,31.99,medium,low,12,namesilo,,,20/09/2026 22:52
110acb1b-73c6-46c7-b88b-03249e62d4b3,decently.nyc,available,6.98,43.98,medium,low,8,namecheap,,,13/08/2026 21:14
38fd7f2e-1c13-4526-96c6-9c02c5c9379f,bahamian.nyc,available,6.98,43.98,high,low,8,namecheap,,,08/08/2026 08:31
2b57971d-7df6-4615-9c23-66f1bd36a30a,united.nyc,premium,3250,32.5,high,medium,6,namecheap,,,25/09/2026 11:56
b9d03a31-076c-42f9-ba6d-dfcd076d118e,racing.nyc,premium,6250,,high,low,6,name.com,,,
0a485c7d-8480-4fff-ab27-b76e5053221f,fixed.nyc,available,32.98,43.98,high,low,5,namecheap,,,24/09/2026 19:10
166969b3-9d91-478b-bcf9-b87a3cad467c,garfish.nyc,available,31.99,31.99,medium,low,7,namesilo,,,23/09/2026 16:11
634011d1-9f76-4edd-a47a-5c2e609d4870,across.nyc,available,31.99,31.99,high,low,6,namesilo,,,
8ba506d6-f345-41f3-ad9a-492c9f81fea1,mangled.nyc,available,6.98,43.98,medium,low,7,namecheap,,,24/08/2026 14:53
148d7aed-2859-4b01-a31d-639ff95ddef8,dispatcher.nyc,available,31.99,31.99,high,low,10,namesilo,,,24/09/2026 22:52
066b1143-997f-4e33-a1b0-98cb63ac85ac,screwy.nyc,available,31.99,31.99,medium,low,6,namesilo,,,10/09/2026 00:08
84a2fa45-28ab-4776-b156-e59c673c4bb1,amethyst.nyc,available,32.98,43.98,high,low,8,namecheap,,,22/09/2026 04:15
2760c858-58b7-4f48-92b2-a5e1e7a2b3e0,apatura.nyc,available,31.99,31.99,medium,low,7,namesilo,,,19/09/2026 16:22
673ab9e3-56ca-4496-8083-5ddddb7521a4,putting.nyc,available,43.99,46.99,high,low,7,name.com,,,25/09/2026 10:11
a81f4c42-a01b-430c-8c6f-fb7213a4eaae,blackhead.nyc,available,31.99,31.99,medium,low,9,namesilo,,,24/09/2026 02:47
2be3b0dd-04c3-401e-850a-7b52c2035727,parody.nyc,available,31.99,31.99,high,low,6,namesilo,,,23/09/2026 11:34
4a41920a-84d5-4a51-970b-35cc5bfefd2d,meddle.nyc,available,31.99,31.99,medium,low,6,namesilo,,,
2f9c239f-2edb-434f-826e-88a21e0d9f55,valueless.nyc,available,9.99,46.99,medium,low,9,name.com,,,13/09/2026 01:01
515b7657-8af6-4ed0-8d8f-e2c6cb2df6ae,dense.nyc,available,31.99,31.99,high,low,5,namesilo,,,08/09/2026 15:39
cda158e5-1df1-4e51-b06c-e0a422db9bc2,sensuous.nyc,available,31.99,31.99,high,low,8,namesilo,,,10/09/2026 03:48
8c9abb39-e32c-46c8-aac0-96006d157a68,theatres.nyc,premium,1107,29.5,high,low,8,namesilo,,,20/09/2026 19:41
b54948a3-a043-46de-a7bd-cdb9826934a6,fanta.nyc,available,43.98,,high,low,5,namecheap,,,
2058091c-0556-44f9-a6bc-7cbc8936bdac,lounge.nyc,premium,3250,32.5,high,low,6,namecheap,,,11/09/2026 08:25
70c66ed1-3c87-4c2c-979f-c2a732d48c7d,abdicable.nyc,available,31.99,31.99,medium,low,9,namesilo,,,
fa6bccc4-6ee0-4783-9a30-7b4a40d8f23a,testicle.nyc,available,31.99,31.99,medium,low,8,namesilo,,,21/09/2026 22:59
c7c948c6-80a5-4654-80df-e4232e508172,arab.nyc,premium,302.5,29.5,high,low,4,namesilo,,,06/08/2026 11:10
ca5bc09c-fa1e-4d2a-8cc0-9426e954b299,uncouth.nyc,available,32.98,43.98,high,medium,7,namecheap,,,09/09/2026 18:58
8ae8fa62-a749-4e71-a3c4-d0aa3a00480f,bigram.nyc,available,31.99,31.99,medium,low,6,namesilo,,,23/09/2026 15:24
c3aefcfd-526f-466a-a987-917f24c35398,road.nyc,premium,625,,high,low,4,name.com,,,
8027cf56-64df-4a47-8c9b-5bb006624e3c,djiboutian.nyc,available,6.98,43.98,medium,low,10,namecheap,,,14/08/2026 14:08
547d377c-5ffb-46cb-865a-754f4bb1e524,potently.nyc,available,32.98,43.98,medium,low,8,namecheap,,,15/09/2026 21:07
0df4ee1d-0810-4b56-9bbb-41bcd264c8df,repelling.nyc,available,6.98,43.98,medium,low,9,namecheap,,,14/08/2026 10:43
3f064056-ac6e-40b2-b126-e7c0a4b8e037,procedural.nyc,available,31.99,31.99,high,low,10,namesilo,,,09/09/2026 02:31
63b93468-b34e-4902-b172-7856938d1507,occupant.nyc,available,31.99,31.99,high,low,8,namesilo,,,09/09/2026 14:52
d8086938-e907-48ea-97f2-a4da0941693f,relatively.nyc,available,31.99,31.99,high,low,10,namesilo,,,
6ea12d5a-845e-473f-95b9-54330bb99a13,killed.nyc,available,31.99,31.99,medium,low,6,namesilo,,,17/09/2026 12:17
67e0740a-fb93-46fb-a273-49fcde8d3230,magnet.nyc,available,32.98,43.98,high,low,6,namecheap,,,21/09/2026 02:14
67dbe253-fa82-4d0f-bf0e-fb8f1e79f9e3,vaguely.nyc,available,31.99,31.99,medium,low,7,namesilo,,,16/09/2026 10:34
2e2108b8-e1c6-4698-89fb-0ad06d09d32d,staged.nyc,available,32.98,43.98,high,low,6,namecheap,,,10/09/2026 18:02
03f3494f-64b7-4570-ac41-039467399572,kafkaesque.nyc,available,6.98,43.98,medium,low,10,namecheap,,,22/08/2026 15:04
8d5a6391-2665-46f7-9237-cfe68189875c,adipose.nyc,available,31.99,31.99,medium,low,7,namesilo,,,
d9e71db0-0138-4f66-8de3-901c86653ea2,pushchair.nyc,available,31.99,31.99,high,low,9,namesilo,,,21/09/2026 13:21
cf6ae8b6-b959-4227-8086-3adfbbff4cd4,buttercups.nyc,available,32.98,43.98,medium,low,10,namecheap,,,20/09/2026 19:49
39b1ebc6-6033-45cd-b93a-66d4b0b198c8,unspoilt.nyc,available,31.99,31.99,high,low,8,namesilo,,,12/09/2026 07:10
eb52187e-bbb3-4b50-9831-6680809f498a,destitute.nyc,available,6.98,43.98,medium,low,9,namecheap,,,14/08/2026 04:32
7ca877b7-4d67-496b-84f9-10136eaba294,telecom.nyc,available,,,high,low,7,,,,
280a6578-93db-4181-b5e7-c200996f8122,bandoneon.nyc,available,31.99,31.99,medium,low,9,namesilo,,,22/09/2026 01:29
6460b3af-1f98-40c6-ac8c-7758ae0d3152,must.nyc,available,31.99,31.99,high,low,4,namesilo,,,25/09/2026 22:28
306496eb-484a-493e-8706-ba109d80d386,allice.nyc,available,31.99,31.99,medium,low,6,namesilo,,,18/09/2026 11:05
6f7166c7-dabc-4362-8564-af1b8784abd0,sarcastic.nyc,available,32.98,43.98,high,medium,9,namecheap,,,09/09/2026 21:27
4f591400-0230-452c-91fc-2d2fadac170a,quotes.nyc,premium,3250,32.5,high,low,6,namecheap,,,18/09/2026 21:27
26376310-53a1-4a4a-944e-51b86d269171,indigene.nyc,available,31.99,31.99,high,low,8,namesilo,,,03/09/2026 13:49
0f95d9df-d58f-444f-aa68-55519a711416,stringy.nyc,available,31.99,31.99,high,medium,7,namesilo,,,10/09/2026 08:17
a9b4728a-74fb-4c61-b27e-617f063b4866,rouged.nyc,available,9.99,46.99,high,medium,6,name.com,,,09/09/2026 18:49
d3a2e874-3ace-4774-94e7-b51c7cdb4670,muggy.nyc,available,31.99,31.99,medium,low,5,namesilo,,,03/09/2026 10:31
2127859d-9f67-4aad-acf1-ed42b452ad43,khartoum.nyc,available,32.98,43.98,medium,low,8,namecheap,,,24/09/2026 12:25
9a1e0ee4-3d6c-46a7-8516-d46cb3497a55,weights.nyc,available,31.99,31.99,medium,low,7,namesilo,,,
7e5ad79f-1a44-4d80-bbb6-bded0464eefc,mucous.nyc,available,31.99,31.99,medium,low,6,namesilo,,,03/09/2026 10:14
9f59e538-08ed-4c58-a4bb-a51108036ca6,saltish.nyc,available,32.98,43.98,high,medium,7,namecheap,,,09/09/2026 20:57
986fd8c9-fb8a-4833-9b23-37074dce9570,arriviste.nyc,available,31.99,31.99,medium,low,9,namesilo,,,03/09/2026 22:17
f2a5a545-36f2-436e-ba50-5adc7b14f297,dues.nyc,available,43.99,46.99,high,low,4,name.com,,,19/09/2026 19:46
a7e880a9-1180-4e75-958c-ef4a6d8ca056,pay.nyc,premium,1107,29.5,high,medium,3,namesilo,,,
e0a10089-02b9-43c0-938c-88ff22f4171f,sharply.nyc,available,31.99,31.99,medium,low,7,namesilo,,,
8fbbf5e2-8363-416b-b1ad-3b036d9d8292,sweeps.nyc,available,31.99,31.99,medium,low,6,namesilo,,,18/09/2026 07:58
4ad84344-f191-4ca2-b771-efbaf1536fdd,rubber.nyc,available,43.98,,high,low,6,namecheap,,,
135db746-2fd9-459e-a018-1abd9de78a8e,ibnsina.nyc,available,31.99,31.99,medium,low,8,namesilo,,,16/09/2026 18:41
a8a9268a-2561-4096-b0dd-30d6443d1fc0,detour.nyc,available,31.99,31.99,high,low,6,namesilo,,,
16183d65-50f8-4057-94be-2ae1f0efa8b1,pail.nyc,available,31.99,31.99,high,low,4,namesilo,,,
94d85e4a-ed74-4c48-9a59-911ab5877128,coop.nyc,premium,3125,46.99,high,low,5,name.com,,,13/08/2026 00:15
64950bdb-5138-492c-ab4d-14fc58babade,zapotec.nyc,available,31.99,31.99,high,low,7,namesilo,,,13/09/2026 15:07
344b9f90-7052-41d7-a28d-eaacb4ffebe3,bare.nyc,available,31.99,31.99,high,low,4,namesilo,,,22/09/2026 11:54
5f4773aa-7b53-4170-8b38-8182c3205488,miocene.nyc,available,31.99,31.99,high,low,7,namesilo,,,25/09/2026 23:43
d2be212b-2184-4e07-a277-a8f986cba3f8,concluded.nyc,available,31.99,31.99,high,low,9,namesilo,,,
026a532a-a6fe-4ced-ac82-9584e7c4b8c1,amos.nyc,premium,65,32.5,high,low,4,namecheap,,,18/09/2026 22:51
51d7c3ad-557c-49ad-83c0-c9ab00bac2bf,extensile.nyc,available,6.98,43.98,medium,low,9,namecheap,,,17/08/2026 19:01
5c05e155-f2a3-4ff1-a154-588b35e1171f,cationic.nyc,available,6.98,43.98,medium,low,8,namecheap,,,11/08/2026 22:07
e0283788-4fb8-4cf9-ad08-ef3dbd264b26,lxi.nyc,premium,625,46.99,medium,low,3,name.com,,,
a14c1fc9-baf4-42aa-991d-e396b5d257d5,riant.nyc,available,6.98,43.98,medium,low,5,namecheap,,,22/08/2026 20:55
76f3607e-bde4-4b87-92f6-46b12157c8f6,rigour.nyc,available,31.99,31.99,medium,low,6,namesilo,,,20/09/2026 14:57
54c269a8-f181-4e31-a17f-67b4c6424a8b,laughing.nyc,available,31.99,31.99,high,low,8,namesilo,,,25/09/2026 16:41
1852b3d5-42be-467e-8cdc-fc54d4a4ade5,nosocomial.nyc,available,31.99,31.99,low,low,10,namesilo,,,03/09/2026 21:56
8240cbe2-1d81-4140-98db-8033cc178fa6,abashed.nyc,available,31.99,31.99,medium,low,7,namesilo,,,
9be8d0b4-5fcd-49fa-aaa5-6fbc5cba4a81,nutrify.nyc,available,32.98,43.98,medium,low,7,namecheap,,,18/09/2026 07:57
e75f5a01-be9b-46e1-8141-b222751773d3,parentage.nyc,available,31.99,31.99,high,low,9,namesilo,,,08/09/2026 13:25
61a67432-488d-4cd0-97d4-a7d9644ef36c,chocolate.nyc,premium,3450,29.5,high,low,9,namesilo,,,24/09/2026 03:16
14ec0906-d40c-4f6e-b902-196c5eff3c47,epistolary.nyc,available,6.98,43.98,high,low,10,namecheap,,,17/08/2026 11:14
dacaa609-8aae-4ba9-b5ec-dfd7f717b674,unrealized.nyc,available,31.99,31.99,medium,low,10,namesilo,,,12/09/2026 11:00
4936c055-a139-4d1d-9171-524f66e3fa32,perturbed.nyc,available,6.98,43.98,medium,low,9,namecheap,,,18/08/2026 09:31
dd0b6d62-5a54-4de1-9a4c-504096cbc96c,prosecutor.nyc,available,31.99,31.99,high,low,10,namesilo,,,27/09/2026 05:05
a7300250-03c5-49c5-971d-023a8a057860,stoical.nyc,available,32.98,43.98,medium,low,7,namecheap,,,10/09/2026 20:59
8950e470-8cc9-4ab5-947e-2905a31a52b3,tzarist.nyc,available,43.99,46.99,medium,low,7,name.com,,,13/08/2026 14:59
35fc3d73-cc5b-4099-b62a-af5206c6a84a,avocation.nyc,available,31.99,31.99,high,low,9,namesilo,,,21/09/2026 09:37
28f6558b-8b62-4270-84b3-f797d7f323d1,grossly.nyc,available,31.99,31.99,medium,low,7,namesilo,,,14/09/2026 22:29
5b68a40e-b61c-4c04-9a83-827da7713c9f,reasonless.nyc,available,6.98,43.98,medium,low,10,namecheap,,,11/08/2026 22:42
ecbbb11c-0ce0-49a5-bd70-23dd6673c7ba,fanciful.nyc,available,6.98,43.98,high,low,8,namecheap,,,17/08/2026 21:56
8da84774-5a5f-4dc2-af4f-5c13a10b8cae,arced.nyc,available,6.98,43.98,medium,low,5,namecheap,,,06/08/2026 14:28
bd973ac8-0eb4-4f49-bda3-02e9ebcfb403,part.nyc,premium,3250,32.5,high,low,4,namecheap,,,15/09/2026 19:03
417def9a-c12c-414d-89d9-a773a9f1b8ba,implanted.nyc,available,6.98,43.98,medium,low,9,namecheap,,,13/08/2026 22:47
0469a6a4-7da4-4a69-a808-1f374c394920,brawny.nyc,available,6.98,43.98,high,low,6,namecheap,,,11/08/2026 02:47
4b7e796c-b996-447b-bf32-57390b88fc4c,squalid.nyc,available,31.99,31.99,medium,low,7,namesilo,,,10/09/2026 14:31
7e9d3959-e15a-4583-916e-b8ddc498f463,polishing.nyc,available,31.99,31.99,high,medium,9,namesilo,,,10/09/2026 06:31
1ec26553-80a5-49dc-b1b4-c60185f9fc60,drizzly.nyc,available,6.98,43.98,medium,low,7,namecheap,,,14/08/2026 19:32
12da2ceb-f9a5-400b-b1e9-74ad9817db38,obeisance.nyc,available,6.98,43.98,high,medium,9,namecheap,,,10/08/2026 23:35
95f8a69b-30cc-416c-87d2-a5a3f6b7de60,aftershock.nyc,available,31.99,31.99,high,low,10,namesilo,,,17/09/2026 15:51
4e7e896d-9904-4b94-ba92-58386c668d42,bezel.nyc,available,31.99,31.99,medium,low,5,namesilo,,,23/09/2026 12:19
fd5e3aae-6c5c-4bca-aa76-fd3411e96de5,lax.nyc,premium,625,46.99,high,low,3,name.com,,,22/08/2026 21:22
537dc23c-05e3-4343-8214-234495b829e5,diverging.nyc,available,6.98,43.98,high,low,9,namecheap,,,14/08/2026 13:37
4b6b7604-52c3-401f-bd78-22d82f448418,elemental.nyc,available,6.98,43.98,high,low,9,namecheap,,,16/08/2026 03:29
0e3b1862-6300-4952-97ac-ef8643257e62,nestle.nyc,available,32.98,43.98,high,medium,6,namecheap,,,24/09/2026 20:10
71c02167-1c76-4c8d-b48c-e00f59c1ebd1,downgrade.nyc,available,31.99,31.99,medium,low,9,namesilo,,,24/09/2026 23:39
420656d4-4c75-4475-ac31-a18561bd1a1d,manuel.nyc,available,31.99,31.99,high,low,6,namesilo,,,25/09/2026 15:00
94fe28c1-07e0-41ae-bfcf-fd285835d7f5,disguise.nyc,available,31.99,31.99,high,low,8,namesilo,,,
b0b2da9c-5880-4845-b785-70ccc31b6811,required.nyc,available,32.98,43.98,high,low,8,namecheap,,,23/09/2026 18:27
2b6f1a58-4411-41c2-9aed-d8e7b7114347,antithetic.nyc,available,6.98,43.98,medium,low,10,namecheap,,,05/08/2026 19:49
c5a2b35b-eb53-45d4-ae6d-fe94849181d5,federate.nyc,available,6.98,43.98,high,low,8,namecheap,,,18/08/2026 00:36
935b4111-1ed9-48f8-a2bb-f9721e5ed9c0,verboten.nyc,available,6.98,43.98,medium,low,8,namecheap,,,18/08/2026 11:06
241bda45-7ed6-4df7-aa81-6ba929f82855,sprightly.nyc,available,31.99,31.99,high,low,9,namesilo,,,10/09/2026 16:49
2d9ca55d-1653-4ba6-8141-9d6b56ef67af,staunch.nyc,available,32.98,43.98,high,low,7,namecheap,,,10/09/2026 19:22
c73e9bb4-7d08-4f50-ae79-0b750c6ff415,taylor.nyc,available,,,high,low,6,,,,
c0b7eabd-97da-468a-ad60-89d53a218e73,card.nyc,premium,3125,,high,medium,4,name.com,,,
dc7ab5e5-0416-4f2c-bbe9-484aa82dd418,asafoetida.nyc,available,31.99,31.99,medium,low,10,namesilo,,,20/09/2026 12:43
dca03853-d49c-4097-ad28-1c7f46e8ef8f,woollen.nyc,available,31.99,31.99,high,low,7,namesilo,,,13/09/2026 13:15
3fa8f437-9b35-4876-85e3-bd88e7e5101c,rita.nyc,premium,65,32.5,high,low,4,namecheap,,,25/09/2026 19:01
d101685e-9406-4a8a-a629-d3d62db71d0b,actuation.nyc,available,31.99,31.99,medium,low,9,namesilo,,,17/09/2026 05:23
6c6d7db0-346d-4743-8912-1457155db4be,balmy.nyc,available,31.99,31.99,high,low,5,namesilo,,,22/09/2026 08:11
26222136-7676-4314-a693-6b96fd5f737d,atenolol.nyc,available,32.98,43.98,medium,low,8,namecheap,,,20/09/2026 20:09
c671980e-87b0-486c-9167-98ccf6817a45,walker.nyc,premium,302.5,29.5,high,low,6,namesilo,,,08/09/2026 12:36
57edaa95-5cbb-47e2-9232-b745e17aa738,swastika.nyc,available,43.98,,medium,low,8,namecheap,,,
141ca116-e019-4cf4-bed6-9b3344bbcdda,maladroit.nyc,available,6.98,43.98,medium,low,9,namecheap,,,24/08/2026 13:35
1bfda7cb-6cb9-4c0e-babe-a99d498a626e,shaped.nyc,available,6.98,43.98,high,low,6,namecheap,,,25/08/2026 03:44
c5a77d1a-9b44-48f3-80f7-9ef57b6f654d,ascensive.nyc,available,6.98,43.98,medium,low,9,namecheap,,,07/08/2026 00:46
2ef7bd51-4f45-4b66-a441-a6a65cd996f0,alimental.nyc,available,31.99,31.99,medium,low,9,namesilo,,,
ff92284f-7723-4f3e-b860-ba8499826688,denis.nyc,available,31.99,31.99,high,low,5,namesilo,,,25/09/2026 15:03
60ddab98-def9-4c3d-a1d6-e0da4853f698,blackface.nyc,available,31.99,31.99,high,low,9,namesilo,,,24/09/2026 02:15
42c63ad1-8330-41d9-96e4-bd290e79d61a,bossy.nyc,available,6.98,43.98,medium,low,5,namecheap,,,07/08/2026 19:35
c6a34f10-9bc8-4285-98d4-09a49d224578,ushers.nyc,available,31.99,31.99,medium,low,6,namesilo,,,20/09/2026 19:46
b9e5d81b-2f5e-48dc-bb56-a83883a9ec39,fledgeling.nyc,available,6.98,43.98,high,low,10,namecheap,,,18/08/2026 07:32
15840507-2411-45d9-9074-bc643bc8e266,funky.nyc,available,6.98,43.98,high,low,5,namecheap,,,18/08/2026 02:27
7f994752-4c08-4e8e-89aa-cd5fd114b391,braised.nyc,available,6.98,43.98,medium,low,7,namecheap,,,11/08/2026 01:55
a2fadd25-d215-44c0-a5dd-780a1529f907,beguine.nyc,available,32.98,43.98,medium,low,7,namecheap,,,23/09/2026 02:59
b0346ad3-eb24-4a15-9a61-98f0ac9ebafe,agreements.nyc,available,31.99,31.99,medium,low,10,namesilo,,,17/09/2026 03:09
3efa8c5b-f569-4abb-8cf6-1dc80a261187,tipsy.nyc,available,31.99,31.99,high,low,5,namesilo,,,11/09/2026 15:38
b0a62ce9-48c1-4e76-84bc-1eb589dae273,touchy.nyc,available,6.98,43.98,medium,low,6,namecheap,,,21/08/2026 14:42
41fd6405-9a61-47e4-9c68-c145951eb06d,downstage.nyc,available,6.98,43.98,high,low,9,namecheap,,,14/08/2026 17:53
60fe5c3f-44d6-46d4-98be-1a1a97c1f295,sellable.nyc,available,6.98,43.98,high,low,8,namecheap,,,24/08/2026 20:28
b96025c0-1b96-4e47-a2b1-3e73222bed1a,modernist.nyc,available,31.99,31.99,high,low,9,namesilo,,,27/09/2026 04:47
c397b377-9481-4c81-a8a0-17f3579c8420,crafty.nyc,available,31.99,31.99,high,low,6,namesilo,,,24/09/2026 01:24
d479ba21-3745-43d0-88dc-c47e50e99241,bernini.nyc,available,31.99,31.99,high,low,7,namesilo,,,23/09/2026 09:56
053c68c6-cab4-4b68-99b9-d99df636a01e,blush.nyc,premium,53.92,29.5,high,low,5,namesilo,,,13/08/2026 06:32
f767d82c-9f3a-4684-91e0-d412f8f6fd73,megan.nyc,premium,302.5,29.5,medium,low,5,namesilo,,,26/09/2026 03:31
50b2d4bf-9f3f-49ca-95d7-58bc1da74c99,diversify.nyc,available,31.99,31.99,high,low,9,namesilo,,,
f087f5eb-12a3-40ff-914f-ecaf4e47ffef,caught.nyc,available,31.99,31.99,high,low,6,namesilo,,,
88a5f152-eff0-4b9d-ac55-39ba578b8c83,frustrated.nyc,available,43.99,46.99,medium,low,10,name.com,,,24/09/2026 10:57
d0800344-7017-46c5-9362-d18fda6dc87b,dishcloth.nyc,available,31.99,31.99,medium,low,9,namesilo,,,24/09/2026 22:40
d234b477-050e-4b96-a76f-c99c91a37cfd,mendoza.nyc,available,31.99,31.99,high,low,7,namesilo,,,27/09/2026 07:53
976e19ff-f8ed-47df-ba72-131e2b2eecc3,aspheric.nyc,available,6.98,43.98,medium,low,8,namecheap,,,07/08/2026 04:52
dc6e3252-2092-4088-9b1e-587febaa2261,surroundings.nyc,available,31.99,31.99,high,low,12,namesilo,,,23/09/2026 13:59
ec64dc86-b05a-41d7-8d21-4b3ed35c80a2,froze.nyc,available,31.99,31.99,medium,low,5,namesilo,,,
562e999c-4aa1-45cb-aa05-235061c2a273,scranton.nyc,available,32.98,43.98,high,low,8,namecheap,,,26/09/2026 00:14
631b70b9-203d-4444-94ce-206b99244c36,tropically.nyc,available,31.99,31.99,medium,low,10,namesilo,,,16/09/2026 09:33
f3bbc0cc-9feb-415f-a116-c4cfaabe6438,scapular.nyc,available,31.99,31.99,medium,low,8,namesilo,,,09/09/2026 22:51
1fdd91ac-5023-4a3d-9343-92ffeeb1953b,weakening.nyc,available,43.99,46.99,medium,low,9,name.com,,,13/08/2026 20:44
6bda12e4-f461-4ac2-b86a-86093959d4c7,onomastic.nyc,available,31.99,31.99,medium,low,9,namesilo,,,04/09/2026 15:15
69b62272-1578-4f08-b388-652bad9fd051,joints.nyc,available,31.99,31.99,medium,low,6,namesilo,,,20/09/2026 03:38
97f7e622-80b1-4ed5-bbff-d77545f7e64f,licensed.nyc,available,31.99,31.99,high,low,8,namesilo,,,19/09/2026 16:56
2f1e01b2-973c-4958-9077-fcf0d3a31e8e,bovid.nyc,available,6.98,43.98,high,medium,5,namecheap,,,10/08/2026 22:56
69d44f8c-51d2-4dfb-8770-3fe48574698b,millionth.nyc,available,6.98,43.98,high,low,9,namecheap,,,24/08/2026 23:25
d6bfbd7c-601f-4b7e-a2ad-46e4b66e08b1,lebanese.nyc,available,6.98,43.98,high,low,8,namecheap,,,22/08/2026 22:15
04f6146f-3011-460a-9cd4-9e321ecb230d,buff.nyc,available,6.98,43.98,high,low,4,namecheap,,,11/08/2026 07:48
918b33a0-41fc-42cf-a510-f993ed80e3e8,poetically.nyc,available,32.98,43.98,high,low,10,namecheap,,,15/09/2026 20:51
5147cd9c-2335-40e4-916f-27a95ef79f4d,aneurism.nyc,available,32.98,43.98,medium,low,8,namecheap,,,19/09/2026 05:43
290cb9ba-515c-462c-8793-bfdb4b8a7720,snobbish.nyc,available,6.98,43.98,medium,low,8,namecheap,,,12/08/2026 11:21
538a16a8-3c3d-47e9-9e2b-438dc72b86ef,jody.nyc,premium,62.5,,high,low,4,name.com,,,
a1c56082-14ae-4a89-adb0-ce828a206a9b,informers.nyc,available,31.99,31.99,medium,low,9,namesilo,,,21/09/2026 09:19
9f0baed5-4767-4fd4-b7f7-c604e4d4f43c,ajaia.nyc,available,31.99,31.99,medium,low,5,namesilo,,,17/09/2026 23:39
656ad425-759d-4325-9f7d-2387a39776bd,gush.nyc,available,6.98,43.98,high,low,4,namecheap,,,22/08/2026 13:07
3125c0c2-5c50-4a89-8840-c611a9142921,fulgent.nyc,available,6.98,43.98,medium,low,7,namecheap,,,10/08/2026 13:45
a8bb8c5f-4292-41c4-91ca-5fabc45ec701,carols.nyc,available,32.98,43.98,medium,low,6,namecheap,,,17/09/2026 18:54
5a0cf031-491d-414c-84c8-8971e0ef84bc,pillage.nyc,available,31.99,31.99,medium,low,7,namesilo,,,08/09/2026 21:56
b793e62f-8c53-4e33-8173-4aa90b6ed389,locked.nyc,available,31.99,31.99,high,low,6,namesilo,,,27/09/2026 02:54
92096685-4035-4bbd-984a-a56d867b17a4,bruxelles.nyc,available,31.99,31.99,high,low,9,namesilo,,,23/09/2026 04:57
c9ac2ed5-7d26-47d0-8b58-b81f23c0c09c,satiate.nyc,available,31.99,31.99,high,low,7,namesilo,,,09/09/2026 14:28
e44aedfe-a69c-4394-af86-9b0fd76c9cc6,hebridean.nyc,available,6.98,43.98,high,low,9,namecheap,,,21/08/2026 05:45
d283bb5e-291f-4fec-860c-c379a1717bdf,ammeter.nyc,available,32.98,43.98,medium,low,7,namecheap,,,18/09/2026 22:00
38153364-8e0f-4830-8f3a-aef9a2c78b3f,agrippina.nyc,available,32.98,43.98,medium,low,9,namecheap,,,17/09/2026 19:33
ca7d5dd0-0232-4126-a2a8-e1f2b6abaa08,reads.nyc,available,31.99,31.99,high,low,5,namesilo,,,19/09/2026 00:45
0ae7376d-1b07-464a-8d94-a2b974e7ad49,hinault.nyc,available,32.98,43.98,medium,low,7,namecheap,,,23/09/2026 09:48
ae66ec8b-0b15-4727-a162-f13eaefd5048,reflections.nyc,available,32.98,43.98,medium,low,11,namecheap,,,18/09/2026 07:20
34649659-0346-49e5-bd34-d2327f2bff7a,uncreative.nyc,available,31.99,31.99,medium,low,10,namesilo,,,12/09/2026 06:24
ea9de7bb-998a-463f-9952-8daf558dfce9,sunstone.nyc,available,31.99,31.99,high,low,8,namesilo,,,21/09/2026 09:07
31a6e84f-112a-4901-9e77-fb3b60be4f3b,passport.nyc,premium,1107,29.5,high,low,8,namesilo,,,27/09/2026 04:57
0862e881-441f-48b8-8872-1435d62da6d6,techniques.nyc,available,31.99,31.99,medium,low,10,namesilo,,,19/09/2026 01:18
47b045b4-e0ed-484d-99fa-092b2068af5f,prostrate.nyc,available,31.99,31.99,high,low,9,namesilo,,,09/09/2026 03:57
82625efa-8451-4aef-b1a5-37a7869fe721,pressor.nyc,available,31.99,31.99,high,medium,7,namesilo,,,09/09/2026 01:43
4311cdb3-8eb0-496d-80f2-e8c12f662615,such.nyc,available,31.99,31.99,high,low,4,namesilo,,,
8dd66a92-7c54-4faf-987c-413176800d82,pictorials.nyc,available,31.99,31.99,medium,low,10,namesilo,,,20/09/2026 12:53
1fb52bec-e77f-4f81-a45a-741a911e4037,darwinian.nyc,available,43.99,46.99,medium,low,9,name.com,,,13/08/2026 18:25
d314dd52-5fe4-4479-a295-b925b57c4726,coerce.nyc,available,6.98,43.98,medium,low,6,namecheap,,,20/08/2026 22:25
63e9014a-2de2-403f-84c2-2446134f25b1,tweet.nyc,premium,53.92,29.5,high,low,5,namesilo,,,
12c5ff28-fce4-49bf-ba4b-50b652a53ab5,conducive.nyc,available,6.98,43.98,high,low,9,namecheap,,,12/08/2026 20:30
f5690e10-874f-4f92-901c-9dc6cb989b73,report.nyc,available,,,high,low,6,,,,
0c2feba9-c950-432a-94c8-56781dda6fc9,apiarian.nyc,available,6.98,43.98,medium,low,8,namecheap,,,05/08/2026 23:53
eec61f26-de65-43f0-b394-b41599dfb6e1,ketonemia.nyc,available,31.99,31.99,medium,low,9,namesilo,,,17/09/2026 00:10
95383a87-d6d0-4d83-9296-7447f3d30ca6,noodle.nyc,available,31.99,31.99,high,low,6,namesilo,,,24/09/2026 06:38
8fc993d2-5688-4859-8776-8cae94059de9,folk.nyc,premium,1107,29.5,high,low,4,namesilo,,,24/09/2026 16:32
814b81f2-1fc0-4f90-8525-7a8cca9e9557,occurrence.nyc,available,31.99,31.99,high,low,10,namesilo,,,25/09/2026 23:56
86b9e6b0-cc12-4b58-b68b-692114db0aa6,ambush.nyc,available,6.98,43.98,high,low,6,namecheap,,,24/08/2026 12:29
2ef54421-a8b4-4673-a31a-afb4e265877e,ladies.nyc,premium,1300,32.5,high,low,6,namecheap,,,17/09/2026 00:29
5893ec81-7e0c-498a-b7a6-9afd06033852,seriatim.nyc,available,31.99,31.99,medium,low,8,namesilo,,,16/09/2026 01:10
9d6e006a-1099-4732-9786-b9c921782743,prurient.nyc,available,6.98,43.98,medium,low,8,namecheap,,,24/08/2026 11:58
82c66a0e-d34b-4221-b622-b98072560b4d,sumerian.nyc,available,31.99,31.99,high,low,8,namesilo,,,11/09/2026 01:33
094c0b66-83b7-427c-8332-686bb9a33904,moistly.nyc,available,31.99,31.99,low,low,7,namesilo,,,14/09/2026 10:31
19c127bd-18d8-4898-aedd-35be38565d07,beguiled.nyc,available,6.98,43.98,medium,low,8,namecheap,,,09/08/2026 09:46
8acc03d4-00c5-4e05-830e-3ff9231f644a,mil.nyc,premium,625,46.99,high,low,3,name.com,,,11/08/2026 22:57
bfdc0fcf-6081-4460-b70a-131c974d9320,chessboard.nyc,available,31.99,31.99,high,low,10,namesilo,,,24/09/2026 14:20
fdc37fed-0100-462e-bdf6-36ffdf3f5277,taxpaying.nyc,available,31.99,31.99,medium,low,9,namesilo,,,11/09/2026 09:32
103ee955-9752-4065-b450-4eba4effb141,worried.nyc,available,31.99,31.99,high,low,7,namesilo,,,24/09/2026 11:23
24926540-fdca-421d-8630-2161e3173175,franklin.nyc,resell,,,high,low,8,"Global Domains International, Inc. DBA DomainCostClub.com",19/02/2025 21:02,19/02/2027 21:02,26/09/2026 06:14
452533a3-9984-40f7-a949-0592743a2a5f,yell.nyc,available,31.99,31.99,medium,low,4,namesilo,,,
2d789f43-4824-4e2f-9e7e-75ee1ac6fdd9,comose.nyc,available,6.98,43.98,low,low,6,namecheap,,,12/08/2026 18:22
97d60955-cafb-4043-a98d-56fe250833c1,badinage.nyc,available,31.99,31.99,medium,low,8,namesilo,,,21/09/2026 17:13
e925d2d5-03e6-4ee1-a259-bfdc02e2c00f,spiny.nyc,available,6.98,43.98,medium,low,5,namecheap,,,08/08/2026 17:49
05c2221b-a6b0-47c7-bf93-98500143fd82,keith.nyc,premium,325,32.5,high,low,5,namecheap,,,17/09/2026 22:02
0f04d3bc-97a3-4eaf-8452-1dde84d17ffd,kinder.nyc,available,31.99,31.99,high,medium,6,namesilo,,,
b93061e6-a1b6-46e7-b103-0c4b32657901,albizzia.nyc,available,31.99,31.99,medium,low,8,namesilo,,,18/09/2026 03:00
cb781e51-ead1-4a16-a01c-53fdecd37c72,bassett.nyc,available,31.99,31.99,high,low,7,namesilo,,,27/09/2026 07:09
a22e73ee-01b0-4607-a94d-bed6aa2862f9,activated.nyc,available,31.99,31.99,high,low,9,namesilo,,,21/09/2026 16:32
fca84725-096a-46a1-a774-d6ca4b8a3ef2,christie.nyc,available,32.98,43.98,high,low,8,namecheap,,,17/09/2026 16:30
f77d95e1-26fa-44bd-a6f1-ee753d11fded,faddy.nyc,available,6.98,43.98,medium,low,5,namecheap,,,17/08/2026 20:35
022df9c7-f3a6-40f4-8259-74d92fb8f571,abbot.nyc,available,32.98,43.98,medium,low,5,namecheap,,,16/09/2026 14:31
91c26652-7594-4118-b138-461213b1460e,incapable.nyc,available,6.98,43.98,medium,low,9,namecheap,,,22/08/2026 00:49
2e3d6b0a-45f1-49bd-aaf2-0cac543d0588,phrenic.nyc,available,32.98,43.98,high,medium,7,namecheap,,,08/09/2026 19:21
4d96ba6f-9b4c-4d9b-a2c4-baab7a282810,divided.nyc,available,6.98,43.98,medium,low,7,namecheap,,,14/08/2026 13:42
e26f05d6-46f8-4d32-b976-8b496cac96b6,beryllium.nyc,available,43.99,46.99,medium,low,9,name.com,,,20/09/2026 23:00
50aa2b3c-9915-42de-b6b3-a8b06b79eff6,majuscule.nyc,available,6.98,43.98,medium,low,9,namecheap,,,24/08/2026 13:26
8cbb4200-c885-4249-85c0-18ce7cc976e0,pallor.nyc,available,31.99,31.99,medium,low,6,namesilo,,,17/09/2026 01:07
8c69479b-d940-4266-8cec-e09c7f96a016,avulsion.nyc,available,31.99,31.99,medium,low,8,namesilo,,,21/09/2026 09:54
f86445da-dde5-45a9-80c4-34f2c98bc92e,anal.nyc,available,31.99,31.99,high,low,4,namesilo,,,
3be59ebb-c734-46cb-905d-ec5dca5ad14a,intimately.nyc,available,31.99,31.99,high,low,10,namesilo,,,15/09/2026 09:03
6eccee23-21fb-4a48-bc41-b4ea1eb7c050,frequently.nyc,available,43.98,,high,low,10,namecheap,,,
e98adf26-de7c-4d7d-bff3-97993966ab4a,alisma.nyc,available,31.99,31.99,medium,low,6,namesilo,,,18/09/2026 08:02
b338139c-a21e-475c-9c4f-d3089619427a,bodied.nyc,available,6.98,43.98,medium,low,6,namecheap,,,10/08/2026 16:44
0c6667b8-a284-461d-8b50-19a2a44d9086,idly.nyc,available,31.99,31.99,high,low,4,namesilo,,,15/09/2026 01:38
0ca2501f-c98d-425b-a7bc-6acf4950bfcf,accomplished.nyc,available,31.99,31.99,high,low,12,namesilo,,,
2931067c-541e-484d-9639-08bd3c69387b,unnatural.nyc,available,31.99,31.99,medium,low,9,namesilo,,,
03145b22-6add-4b5f-b083-50e015d26aa4,angstrom.nyc,available,31.99,31.99,medium,low,8,namesilo,,,16/09/2026 12:44
ae1b11f7-06e8-4b24-b21c-b468da27214c,july.nyc,premium,116,29.5,high,low,4,namesilo,,,
097df07f-8356-4dff-8082-7fe4020ff77a,vagus.nyc,available,31.99,31.99,medium,low,5,namesilo,,,08/09/2026 22:09
c1da8881-c17e-448f-aaa8-2a97970a54fd,crevice.nyc,available,6.98,43.98,high,low,7,namecheap,,,13/08/2026 04:16
21cd4cee-22c8-4334-976c-802c91ac0786,lohan.nyc,available,43.99,46.99,medium,low,5,name.com,,,20/09/2026 05:07
35d80fde-102a-434e-954c-a172c7bb3cce,slimly.nyc,available,31.99,31.99,medium,low,6,namesilo,,,16/09/2026 02:34
dd3f74b1-9c83-4474-a782-fe0f7d2ec675,coaching.nyc,premium,640,29.5,high,low,8,namesilo,,,25/09/2026 02:47
62d3a259-634f-48a3-b642-b52ce2938b34,vagabond.nyc,available,6.98,43.98,high,low,8,namecheap,,,14/08/2026 19:16
b8c696b9-e1ad-46f4-bcf1-4e020929efb5,belau.nyc,available,31.99,31.99,medium,low,5,namesilo,,,23/09/2026 04:30
33723193-4b39-4528-a2b6-ca776df09a25,jra.nyc,premium,650,32.5,medium,low,3,namecheap,,,19/09/2026 14:09
471b1d8e-ac17-4f46-b47b-f03cfb29d761,directly.nyc,available,31.99,31.99,high,low,8,namesilo,,,24/09/2026 10:41
c6ddffb5-564c-49d9-9bf9-371f1e3976cf,cooker.nyc,available,32.98,43.98,high,low,6,namecheap,,,24/09/2026 18:03
01acf3e2-eacf-429e-98ad-45bd2e2c7549,cinematic.nyc,available,6.98,43.98,high,low,9,namecheap,,,12/08/2026 08:13
001317cd-39dc-494a-a88b-abab7e782bdc,bias.nyc,available,6.98,43.98,medium,low,4,namecheap,,,09/08/2026 18:35
1f79df44-b647-4771-a93c-a919a5fc862e,malian.nyc,available,6.98,43.98,high,low,6,namecheap,,,24/08/2026 14:00
d3c785ca-cd46-4b5c-8e50-e371f95674d1,galling.nyc,available,31.99,31.99,high,low,7,namesilo,,,
adb93018-d619-4dd8-a1c4-05973888c44c,anthozoa.nyc,available,31.99,31.99,medium,low,8,namesilo,,,17/09/2026 05:01
5b3ca13d-cddb-4551-ba2d-57e87dc4690d,wisent.nyc,available,31.99,31.99,medium,low,6,namesilo,,,21/09/2026 04:34
75155ad2-6f16-4a9b-9168-b91a52300600,albuterol.nyc,available,32.98,43.98,high,low,9,namecheap,,,18/09/2026 03:32
4e878aaa-d388-4bf7-9b58-8880f196a8f1,nicaraguan.nyc,available,31.99,31.99,high,low,10,namesilo,,,03/09/2026 17:03
38ef6c01-5e49-406f-bb77-9c3ba9ef505c,fallow.nyc,available,6.98,43.98,high,low,6,namecheap,,,17/08/2026 21:32
9b8ac8f2-2990-4960-90dd-70e89e6d5838,labile.nyc,available,6.98,43.98,medium,low,6,namecheap,,,22/08/2026 17:32
35dd2b6e-4249-4459-9d1d-39b252c77a8b,tumid.nyc,available,6.98,43.98,medium,low,5,namecheap,,,10/08/2026 18:05
1ad58b25-a5c6-4abc-ae53-ee0219899e9d,chamomile.nyc,available,31.99,31.99,high,low,9,namesilo,,,19/09/2026 13:01
ddbf9d5a-9afe-44d5-8475-9f3265ad5af4,altaic.nyc,available,31.99,31.99,medium,low,6,namesilo,,,
09eac685-7c42-4f5c-b9cd-39e3b8abcad3,belonged.nyc,available,31.99,31.99,medium,low,8,namesilo,,,27/09/2026 10:31
5d4b746a-64f6-4c48-9ba0-e7ba574087b6,prudential.nyc,available,31.99,31.99,high,medium,10,namesilo,,,09/09/2026 04:48
e70255a6-7d29-4991-896f-28b0ab42842d,offer.nyc,premium,1107,29.5,high,low,5,namesilo,,,23/09/2026 13:36
d05b81e8-016e-4e90-9ad7-c3c6104f0f2b,twoscore.nyc,available,31.99,31.99,medium,low,8,namesilo,,,
6b16b38e-3ac1-45f7-8e6a-39cbfb31fc23,coiled.nyc,available,6.98,43.98,medium,low,6,namecheap,,,12/08/2026 16:07
2ab293c5-34bc-413b-b750-6ce4a3b2326d,adding.nyc,available,31.99,31.99,high,low,6,namesilo,,,
05de8100-5ec0-4ac5-a5a8-d809eea8f655,val.nyc,premium,640,29.5,high,low,3,namesilo,,,27/09/2026 06:29
455c6b4c-f0c2-41e1-ac07-5281eeffd4d9,righted.nyc,available,31.99,31.99,medium,low,7,namesilo,,,20/09/2026 15:58
6320729d-f161-4853-8e5d-7665c2a4653b,distribute.nyc,available,31.99,31.99,high,low,10,namesilo,,,
33b85056-9213-47f3-a207-7453167e574f,periodical.nyc,available,31.99,31.99,high,low,10,namesilo,,,08/09/2026 17:13
dbe7be86-ec31-44dd-9b33-1c5c2296cb74,endoergic.nyc,available,6.98,43.98,medium,low,9,namecheap,,,17/08/2026 01:08
0b601fcd-a5e7-40d0-a095-119e116988f3,astaire.nyc,available,31.99,31.99,medium,low,7,namesilo,,,20/09/2026 16:54
ecac18b4-a7c2-4089-a7cf-bad9d7809034,itchy.nyc,available,6.98,43.98,high,low,5,namecheap,,,05/08/2026 20:43
a3b6ecc2-a652-48a6-bc75-48d0258de836,histrionic.nyc,available,6.98,43.98,medium,low,10,namecheap,,,21/08/2026 09:57
45b4a93a-8269-4045-ad4a-788a86915812,forested.nyc,available,6.98,43.98,high,low,8,namecheap,,,18/08/2026 11:43
05424ce2-40b3-4f71-a930-17d2d8cd7f08,arranger.nyc,available,31.99,31.99,high,low,8,namesilo,,,17/09/2026 06:29
1c870b31-944c-49c5-ba60-f336ef8e610e,untagged.nyc,available,31.99,31.99,medium,low,8,namesilo,,,12/09/2026 14:35
3fc53bd5-d9a9-4159-99b8-eaee0b5d52b4,baguet.nyc,available,32.98,43.98,medium,low,6,namecheap,,,21/09/2026 18:30
fbcb30d7-c983-4940-b380-44f6117c0dc6,anzac.nyc,available,31.99,31.99,high,low,5,namesilo,,,19/09/2026 16:00
591ac95c-cc51-4043-b008-b9f6268c4258,boondocks.nyc,available,31.99,31.99,medium,low,9,namesilo,,,21/09/2026 14:32
e35b07d5-d774-4f63-8691-a7a815d85cfb,mussy.nyc,available,6.98,43.98,medium,low,5,namecheap,,,24/08/2026 21:24
d457be05-5ed0-41d2-b196-911c4bea3bb8,malthusian.nyc,available,6.98,43.98,medium,low,10,namecheap,,,24/08/2026 14:17
93311895-7510-4efa-9dd8-b3d4f0dba694,aided.nyc,available,32.98,43.98,high,low,5,namecheap,,,19/09/2026 12:43
1186ebbe-c9d4-4c4c-b1e4-33d00e12fc4a,pithy.nyc,available,31.99,31.99,high,low,5,namesilo,,,19/09/2026 23:01
b3ae408a-c95a-4cab-8c79-d264d4d3a90a,anthyllis.nyc,available,31.99,31.99,medium,low,9,namesilo,,,19/09/2026 14:04
d4188c5e-7c38-43d7-a479-e50c25e2acd5,heartthrob.nyc,available,31.99,31.99,high,low,10,namesilo,,,
e6138fcc-55a5-48ca-91d1-3ac60f4f1be0,amide.nyc,available,32.98,43.98,high,low,5,namecheap,,,18/09/2026 21:35
484599dc-ccca-43dd-b866-f4467024c862,mention.nyc,available,31.99,31.99,high,low,7,namesilo,,,
f4e13023-2970-4381-a0ae-0d74d294910d,precooked.nyc,available,31.99,31.99,high,medium,9,namesilo,,,09/09/2026 01:17
41daea62-53ca-43bf-bf6a-467cc91074e9,pamper.nyc,available,31.99,31.99,high,low,6,namesilo,,,
31b99741-56d6-4851-a890-bdb85b5cffd0,rowland.nyc,available,31.99,31.99,high,low,7,namesilo,,,25/09/2026 15:13
05ea5973-2a79-4810-af13-d41c64859a87,vicennial.nyc,available,31.99,31.99,medium,low,9,namesilo,,,13/09/2026 05:23
8d06c605-7239-4c60-afc3-8b9e2b69f0a5,aberdare.nyc,available,31.99,31.99,medium,low,8,namesilo,,,16/09/2026 15:08
fd8e7390-cd21-436d-b716-549078dc9130,bantu.nyc,available,6.98,43.98,medium,low,5,namecheap,,,08/08/2026 14:50
9b19967c-8dc2-423c-bfa6-3fcce7452cb3,lgbtq.nyc,premium,6250,,high,low,5,name.com,,,
020d2f66-354b-44a4-adaa-e12008d43f75,barilla.nyc,available,31.99,31.99,high,medium,7,namesilo,,,22/09/2026 05:52
0f5b1c4b-c96d-4662-bb38-4d2fcb85f1e7,narrator.nyc,available,32.98,43.98,high,low,8,namecheap,,,27/09/2026 04:49
a297e230-63fa-477a-8875-0d837dd097f6,pan.nyc,premium,1107,29.5,high,low,3,namesilo,,,
feac0347-79ce-4ca6-8b76-9cd5816d968c,imbecile.nyc,available,6.98,43.98,medium,low,8,namecheap,,,21/08/2026 20:22
bb24a025-9f61-427f-ad80-f042de9a6da2,righteous.nyc,available,43.98,,high,low,9,namecheap,,,
9bc395b5-4c98-4820-b479-315550c543ca,downsizing.nyc,available,32.98,43.98,medium,low,10,namecheap,,,24/09/2026 23:41
62d141e1-c2bc-480e-9eb8-570122712a30,salient.nyc,available,31.99,31.99,high,low,7,namesilo,,,09/09/2026 03:09
187f44ad-7829-4250-a979-3354232dc1d4,velar.nyc,available,31.99,31.99,medium,low,5,namesilo,,,13/09/2026 01:59
3e87b04e-e28b-40d4-b0b3-eb311012db40,counseled.nyc,available,31.99,31.99,medium,low,9,namesilo,,,20/09/2026 16:45
7d7e0475-9305-48f3-9c61-0e96d2a5fd7c,numerate.nyc,available,9.99,46.99,medium,low,8,name.com,,,03/09/2026 22:56
2b9a3c14-8910-4d69-a29c-689b892f850a,permitted.nyc,available,31.99,31.99,high,low,9,namesilo,,,
1aa84824-3273-4183-97d4-2bf53e250e52,morgue.nyc,available,6.98,43.98,high,low,6,namecheap,,,25/08/2026 06:42
c4a4160c-7c70-4fef-800d-bce8fc4054c1,presumable.nyc,available,31.99,31.99,high,medium,10,namesilo,,,09/09/2026 01:45
34691836-71e6-41eb-837a-c9cfd237a816,unstoppable.nyc,available,43.98,,high,low,11,namecheap,,,
23f2f947-5cea-4953-b724-6673de4c04d6,sudanese.nyc,available,31.99,31.99,high,low,8,namesilo,,,11/09/2026 01:05
ec724524-6977-4357-9be7-afeb703d9550,colorize.nyc,available,6.98,43.98,medium,low,8,namecheap,,,12/08/2026 17:34
17c35dab-e043-4df9-ab97-a87936b09903,adeptness.nyc,available,31.99,31.99,high,low,9,namesilo,,,24/09/2026 07:48
cd15138f-aa37-4c85-abb6-7b64c8a69cb2,tubed.nyc,available,32.98,43.98,medium,low,5,namecheap,,,11/09/2026 20:56
e95e3855-40be-4dc6-95b6-8dae9d863b06,inimitable.nyc,available,6.98,43.98,high,low,10,namecheap,,,22/08/2026 05:23
60ffe9af-e26a-4491-9f36-946eeb7c5265,opaline.nyc,available,31.99,31.99,medium,low,7,namesilo,,,04/09/2026 15:45
a46bba6a-94c6-425f-98c0-a266fa8bf160,tracing.nyc,available,31.99,31.99,high,low,7,namesilo,,,
dc3aea8d-14b1-4957-8560-84f077f5d523,exemplary.nyc,available,32.98,43.98,high,low,9,namecheap,,,21/09/2026 18:58
c3e23313-93bb-4542-9497-40bab2ba485b,lentic.nyc,available,6.98,43.98,medium,low,6,namecheap,,,22/08/2026 23:50
680e8621-3919-4c7e-b6e3-ff3ef7858b23,eviscerate.nyc,available,6.98,43.98,medium,low,10,namecheap,,,17/08/2026 15:10
6eae1304-cffc-46be-ac35-9a509e1b9bbd,carribean.nyc,available,31.99,31.99,high,low,9,namesilo,,,
bb20805a-be5d-4336-8026-d1956874be81,pitted.nyc,available,31.99,31.99,medium,low,6,namesilo,,,
1b6f5fb8-3e71-4a1f-b984-336a6b7a9170,ruritanian.nyc,available,32.98,43.98,medium,low,10,namecheap,,,09/09/2026 19:43
b20a8edb-cdc4-4da7-9e5c-3c2a9dab0b3b,painkiller.nyc,available,31.99,31.99,high,low,10,namesilo,,,
3e20980e-f64f-4732-84ae-2af90cf6397c,dissolved.nyc,available,6.98,43.98,medium,low,9,namecheap,,,14/08/2026 12:56
6381d81f-abaa-4344-b78f-93c3e559a8c7,drugs.nyc,premium,3450,29.5,medium,low,5,namesilo,,,25/09/2026 16:42
0d22aa66-3263-4ca8-8408-6f2981bb4299,axil.nyc,available,31.99,31.99,high,low,4,namesilo,,,21/09/2026 10:22
898bd85d-2f78-4620-8395-849bd99d501c,dagger.nyc,available,32.98,43.98,high,low,6,namecheap,,,24/09/2026 20:52
dbbe39db-8756-4677-908d-f49407c2dafb,moisture.nyc,available,31.99,31.99,high,low,8,namesilo,,,13/09/2026 11:06
1420a86a-d0b1-45d5-a8de-6742eea76aab,aconcagua.nyc,available,31.99,31.99,medium,low,9,namesilo,,,17/09/2026 02:04
9f7691e9-0a78-42a5-9fc7-21804805c91e,speckled.nyc,available,6.98,43.98,medium,low,8,namecheap,,,14/08/2026 16:34
ddf874b1-e8b4-4978-8e9c-a14103f14c88,bearable.nyc,available,6.98,43.98,medium,low,8,namecheap,,,09/08/2026 04:27
b54acc85-33e7-4dc1-8625-227d9d5e1492,bipartisan.nyc,available,6.98,43.98,high,low,10,namecheap,,,10/08/2026 04:32
0f7b2728-ccce-40fa-a763-63138341142e,seraphical.nyc,available,31.99,31.99,medium,low,10,namesilo,,,10/09/2026 04:31
909adca5-8dd4-46a3-a96f-90ab04bb724c,arugula.nyc,available,31.99,31.99,high,low,7,namesilo,,,20/09/2026 12:10
1de5d4f8-39b5-449e-8fb2-39bedf5903fe,riemann.nyc,available,31.99,31.99,high,low,7,namesilo,,,23/09/2026 09:54
318214ee-1db0-4b92-aebc-c6ac1d321ee6,anybody.nyc,available,43.98,,medium,low,7,namecheap,,,
03a23e11-70d4-4951-ad9f-61c4ae532cc0,funds.nyc,premium,6250,,high,low,5,name.com,,,
fed4f757-748b-40b5-bb76-0912ca577eaa,accused.nyc,available,31.99,31.99,high,low,7,namesilo,,,
e3ea6b2a-5818-41bf-8751-499f77d9ee72,indian.nyc,premium,6900,29.5,high,low,6,namesilo,,,22/09/2026 04:13
a46155ca-5be6-42aa-8b11-b1415670a069,propitious.nyc,available,31.99,31.99,high,low,10,namesilo,,,09/09/2026 03:38
80855733-f05f-4345-9f83-0ca2d3fd4319,nebulose.nyc,available,6.98,43.98,medium,low,8,namecheap,,,12/08/2026 12:43
fe88614a-08e0-41a1-968a-a5d9b23d6338,composure.nyc,available,6.98,43.98,high,low,9,namecheap,,,11/08/2026 14:55
0fb62444-7de1-495d-9ff2-ba360d8127d7,paraplegic.nyc,available,31.99,31.99,medium,low,10,namesilo,,,08/09/2026 01:10
6cb544f1-6809-4d4c-a491-ecb8814575db,wrought.nyc,available,6.98,43.98,medium,low,7,namecheap,,,25/08/2026 03:48
8c4f03e4-9dd3-41af-801a-d842a75ae05c,damnable.nyc,available,43.99,46.99,medium,low,8,name.com,,,13/08/2026 16:29
6b41eb65-6534-4fe3-b725-c52e37917c73,palo.nyc,available,31.99,31.99,medium,low,4,namesilo,,,27/09/2026 01:51
c50a5e91-4a7d-4253-85eb-5394a357b6e4,karpov.nyc,available,31.99,31.99,high,low,6,namesilo,,,19/09/2026 03:27
dc16890b-d9fb-4acb-bae1-aec55077b1de,ahab.nyc,available,32.98,43.98,medium,low,4,namecheap,,,17/09/2026 20:17
e11a31e3-fe02-42ee-8fc4-de91ddb66ae8,utile.nyc,available,31.99,31.99,medium,low,5,namesilo,,,13/09/2026 00:01
9c95daa5-16cd-45a3-b655-b1d458d20f5f,ochs.nyc,available,31.99,31.99,high,low,4,namesilo,,,17/09/2026 09:36
35bcc440-9047-4f69-b846-e0e264e1238e,permissive.nyc,available,32.98,43.98,high,low,10,namecheap,,,08/09/2026 17:48
8f0e3c78-66fd-4240-8aca-49e820dc70b2,choke.nyc,available,31.99,31.99,high,low,5,namesilo,,,24/09/2026 14:43
16ff7f05-e6d1-463d-b61f-0ae89aaaec2b,arno.nyc,available,31.99,31.99,high,low,4,namesilo,,,20/09/2026 08:12
931c585d-467c-44a3-8c8d-6e71b9a7fdb6,phrases.nyc,available,31.99,31.99,medium,low,7,namesilo,,,
337f58cb-56c6-4c53-bc2f-a37100ffa5c4,risque.nyc,available,6.98,43.98,high,low,6,namecheap,,,18/08/2026 20:02
7212c8df-4d52-4248-8db7-6f22cfd235af,betting.nyc,premium,3125,46.99,high,low,7,name.com,,,09/08/2026 18:14
3597ac8e-919e-4293-b451-e7cf79968670,auklet.nyc,available,31.99,31.99,medium,low,6,namesilo,,,21/09/2026 04:08
929d2416-520d-478c-afa5-53b93cc76860,refusing.nyc,available,31.99,31.99,low,low,8,namesilo,,,17/09/2026 15:40
c55fab1c-fb5c-4562-851f-a870ccd1f34f,palish.nyc,available,31.99,31.99,medium,low,6,namesilo,,,04/09/2026 23:41
d7a45986-e72c-4e4b-8b47-b4e979f195cc,assignment.nyc,available,31.99,31.99,high,low,10,namesilo,,,19/09/2026 21:59
acd5c7e6-538b-4865-bfcc-b117bbcf034b,drunken.nyc,available,6.98,43.98,medium,low,7,namecheap,,,09/08/2026 19:02
716c01dc-eb31-43fb-ac2d-3b0dc1a4fbd8,audio.nyc,premium,6250,,high,low,5,name.com,,,
09b23a8e-05df-4b45-987e-64c6ca8604c9,servants.nyc,available,32.98,43.98,medium,low,8,namecheap,,,18/09/2026 01:39
c213f060-c0dc-482d-81d7-276289f1a660,ferguson.nyc,available,32.98,43.98,high,low,8,namecheap,,,25/09/2026 17:55
5ccc965c-aa04-4e22-a33a-5265735e65d8,abdul.nyc,available,32.98,43.98,high,low,5,namecheap,,,27/09/2026 07:21
789a9dde-5177-4d5b-8ccb-9a227fd9dfe5,bertolucci.nyc,available,31.99,31.99,high,low,10,namesilo,,,23/09/2026 09:50
095872d1-7524-410b-9d82-6e12a938a570,antic.nyc,available,6.98,43.98,high,low,5,namecheap,,,
71c38819-93a8-4e52-80b1-a6408f65f104,thirdhand.nyc,available,31.99,31.99,medium,low,9,namesilo,,,11/09/2026 13:59
6c06946c-f69f-43ca-afc1-b151e92349de,expectable.nyc,available,6.98,43.98,medium,low,10,namecheap,,,17/08/2026 18:02
5a0fab2c-6280-4587-a740-4b9bf1d9cda9,hominid.nyc,available,6.98,43.98,medium,low,7,namecheap,,,21/08/2026 12:39
db8d0d6f-3871-4442-9c9a-0dc1caa3c86e,advancer.nyc,available,32.98,43.98,medium,low,8,namecheap,,,17/09/2026 10:28
9ed0b706-0ef6-4bd7-aa80-76fe2460c82f,commix.nyc,available,31.99,31.99,medium,low,6,namesilo,,,
edd0b7f5-cc0e-4ba7-ad51-c091fdb1eb1c,cockroach.nyc,available,31.99,31.99,medium,low,9,namesilo,,,24/09/2026 16:13
7dd2a682-bc37-49bb-802b-ad27c0f490b0,colonised.nyc,available,6.98,43.98,medium,low,9,namecheap,,,12/08/2026 17:25
80002693-495b-4fe9-b3a7-9d22cd3018d7,barbecue.nyc,available,31.99,31.99,high,low,8,namesilo,,,
d5ed362f-0435-443d-aebd-0a922ea9e646,xlii.nyc,available,31.99,31.99,medium,low,4,namesilo,,,
3a1d6597-da0c-4def-ad1e-1a3177fa7f71,acolyte.nyc,available,31.99,31.99,high,low,7,namesilo,,,17/09/2026 02:00
93f0b8d4-0daa-41c2-b6f6-1f400cb638ae,fallible.nyc,available,6.98,43.98,medium,low,8,namecheap,,,17/08/2026 21:30
b2be194d-b934-4ad6-92ae-305d792109a4,astatine.nyc,available,31.99,31.99,medium,low,8,namesilo,,,20/09/2026 16:55
3993517b-3977-496f-85fe-21a3efeec5a8,punishment.nyc,available,32.98,43.98,high,low,10,namecheap,,,25/09/2026 09:51
1c0ee969-c611-4952-9f5c-969ab490bdfd,disrespect.nyc,available,31.99,31.99,high,low,10,namesilo,,,
13d4d8e7-8241-4c06-aaf7-cf8f25a16502,runny.nyc,available,31.99,31.99,medium,low,5,namesilo,,,09/09/2026 19:37
c2477e43-3369-47c5-8da0-9af7051c9ae5,provable.nyc,available,31.99,31.99,high,low,8,namesilo,,,09/09/2026 04:24
dedd5b51-b468-4006-b2a9-d62c3e14f400,cuba.nyc,available,,,high,high,4,,,,
059076ac-aa30-40d5-828f-9d4a9bcf8e3e,omnivorous.nyc,available,31.99,31.99,medium,low,10,namesilo,,,04/09/2026 13:56
dd766ec3-b1b3-4337-bdb3-abb1ddd23eac,friendless.nyc,available,6.98,43.98,medium,low,10,namecheap,,,18/08/2026 15:33
a65ee7e6-afe3-4e94-a655-e27d5ad7fe51,connate.nyc,available,6.98,43.98,medium,low,7,namecheap,,,12/08/2026 15:46
296237b9-c516-4afd-afe5-35e71ee12012,barreled.nyc,available,6.98,43.98,medium,low,8,namecheap,,,08/08/2026 20:46
2032a4f8-4904-41a8-b5a2-cede3d3fd309,rimy.nyc,available,31.99,31.99,medium,low,4,namesilo,,,09/09/2026 17:41
71d5f3c3-2b6a-4479-8cec-2bd2295fbfb2,brittany.nyc,premium,302.5,29.5,high,low,8,namesilo,,,27/09/2026 03:23
bfcf91e7-58ca-43fa-ac0b-fa68f5af30f8,inept.nyc,available,6.98,43.98,medium,low,5,namecheap,,,21/08/2026 18:53
d29b93e3-161d-4c5d-879e-4782d47e605f,hum.nyc,premium,1107,29.5,high,low,3,namesilo,,,
4b941ac4-f502-4380-943a-d395226c1ed3,alacritous.nyc,available,31.99,31.99,high,low,10,namesilo,,,
a57b532d-509e-469f-90ff-b5bed4bc500a,fetching.nyc,available,6.98,43.98,high,low,8,namecheap,,,18/08/2026 02:20
592fa45b-f04a-47f1-9a9d-9898d054f828,horizon.nyc,resell,,,high,high,7,Hello Internet Corp.,10/10/2016 19:00,09/10/2027 23:59,26/09/2026 06:43
684aab5c-d7ea-406d-aaed-bdd6881eaaa2,pervasive.nyc,available,31.99,31.99,high,low,9,namesilo,,,08/09/2026 17:44
777f666f-16a1-4a2c-ba04-ae2f50da4649,theist.nyc,available,31.99,31.99,medium,low,6,namesilo,,,11/09/2026 12:37
896b553f-ee93-4112-9318-1ca73f27f8fd,blende.nyc,available,31.99,31.99,medium,low,6,namesilo,,,24/09/2026 05:43
db3d2e64-0284-42aa-bf42-aeee336fe7ad,artfully.nyc,available,32.98,43.98,medium,low,8,namecheap,,,13/09/2026 20:53
d297b474-73e2-48d8-abc4-6dc3c04cd830,techno.nyc,premium,3125,,high,low,6,name.com,,,
e982c36b-51a7-4532-b179-9de13217b159,faces.nyc,premium,1107,29.5,medium,low,5,namesilo,,,
d4b30f17-6eed-4b1d-a4f5-624227bf9c72,amended.nyc,available,31.99,31.99,medium,low,7,namesilo,,,
888bcaf4-9023-464a-879c-f69c340a2d98,flips.nyc,available,32.98,43.98,medium,low,5,namecheap,,,19/09/2026 20:33
60050e99-cd5e-49ef-bd94-deab226da6d8,arabian.nyc,available,6.98,43.98,high,low,7,namecheap,,,06/08/2026 11:05
1be42de1-cb77-4359-b42d-547ce38da74a,nonvisual.nyc,available,32.98,43.98,medium,low,9,namecheap,,,03/09/2026 21:06
6212ac93-6bd2-4cfd-862b-192285041160,quantities.nyc,available,31.99,31.99,low,low,10,namesilo,,,
ad546c58-9a41-4f65-9eaa-91d142bb8b96,adulteress.nyc,available,31.99,31.99,medium,low,10,namesilo,,,17/09/2026 10:20
37769eb3-1966-4c58-9893-f91be30539e3,infrared.nyc,available,31.99,31.99,high,low,9,namesilo,,,04/09/2026 07:52
8f0a1d21-e6d6-43c1-8e11-a06639dc7193,consumption.nyc,available,31.99,31.99,high,low,11,namesilo,,,
b02bd1ce-d598-4536-a7f6-8cd8a6fb19d1,factory.nyc,premium,6900,29.5,high,low,7,namesilo,,,25/09/2026 22:41
4643622d-63f5-4453-8896-058f025ca090,dabbler.nyc,available,6.98,43.98,medium,low,7,namecheap,,,14/08/2026 07:42
e406a79b-5046-4068-b375-6a2ff27462cf,racer.nyc,available,31.99,31.99,high,low,5,namesilo,,,21/09/2026 07:11
3890e860-a340-4d0e-ba30-03fe8b39cdba,context.nyc,available,31.99,31.99,high,medium,7,namesilo,,,25/09/2026 09:07
cd1f2278-6350-4a00-99ca-b1550c368c5e,equine.nyc,available,6.98,43.98,high,low,6,namecheap,,,17/08/2026 11:45
195187f3-3b92-4e85-8c94-2369b8436302,countywide.nyc,available,6.98,43.98,high,low,10,namecheap,,,13/08/2026 03:48
a826d864-c296-4e31-a399-d3b5bd5734e7,feminist.nyc,available,6.98,43.98,high,low,8,namecheap,,,18/08/2026 01:02
360d520f-6b7d-473f-9056-c3c0e8d70b34,unbeatable.nyc,available,31.99,31.99,high,low,10,namesilo,,,25/09/2026 11:12
c6be2c1a-9312-467d-8b7f-4858642f96a1,zany.nyc,available,31.99,31.99,high,low,4,namesilo,,,25/09/2026 15:37
0d2a402c-7ad1-4426-8b3b-ecbe9895eaa1,accentual.nyc,available,31.99,31.99,medium,low,9,namesilo,,,
d7e34e23-0d5d-4866-adda-c7d5831bd418,tickling.nyc,available,31.99,31.99,high,low,8,namesilo,,,11/09/2026 15:27
9a94e0c9-cb93-40b8-952e-1b277bd34d50,amorous.nyc,available,31.99,31.99,high,low,7,namesilo,,,22/09/2026 03:25
1cb977e7-cb6d-43c4-a38f-d152bd818d9a,cattish.nyc,available,6.98,43.98,medium,low,7,namecheap,,,10/08/2026 07:28
4b72358c-dcd7-415c-9bca-4e0f7f71b524,heraldic.nyc,available,6.98,43.98,medium,low,8,namecheap,,,21/08/2026 06:53
00fa2a98-512d-4a69-a07e-10cf532ae8a9,burbly.nyc,available,6.98,43.98,medium,low,6,namecheap,,,11/08/2026 10:14
e413a102-34e2-4e9a-8344-f2e772b3646d,forms.nyc,premium,640,29.5,high,low,5,namesilo,,,17/09/2026 09:39
d77d75b9-6286-4407-b3d5-f30e17c6f41b,gardiner.nyc,available,31.99,31.99,medium,low,8,namesilo,,,25/09/2026 06:17
477bfbc3-a9e6-4754-98d9-8206750b6d01,demure.nyc,available,6.98,43.98,high,low,6,namecheap,,,13/08/2026 04:10
7b0dfd6f-25e5-4a8c-b4bd-224b839e2c78,disgraced.nyc,available,6.98,43.98,medium,low,9,namecheap,,,14/08/2026 10:21
4f8d4981-a168-4879-8a6d-6c68d6b2a5e7,batfish.nyc,available,43.99,46.99,medium,low,7,name.com,,,22/09/2026 13:14
8da7adae-0bd2-4c9b-8620-7ac384e632ee,narcotic.nyc,available,31.99,31.99,medium,low,8,namesilo,,,03/09/2026 13:12
f2202cf1-9068-4255-8922-01bfc01b7bf3,perforated.nyc,available,31.99,31.99,high,low,10,namesilo,,,08/09/2026 16:52
e49e7020-a687-4bea-b7a8-e6f409eafeee,tuba.nyc,available,31.99,31.99,high,low,4,namesilo,,,22/09/2026 11:52
6eb91db7-2806-444c-85e9-b6d0ba80c13a,portent.nyc,available,31.99,31.99,medium,low,7,namesilo,,,09/09/2026 02:55
acd65711-712d-4a58-ab33-1f43ea343091,slipped.nyc,available,32.98,43.98,high,low,7,namecheap,,,18/09/2026 02:25
4fc21355-9023-4241-9a97-5da55731d25c,pictured.nyc,available,6.98,43.98,medium,low,8,namecheap,,,14/08/2026 02:14
e8fc0b34-6059-409d-bddf-60e3b9ba505e,sparely.nyc,available,32.98,43.98,medium,low,7,namecheap,,,16/09/2026 05:49
21ec565e-2c1b-4129-9b8d-8574d814e527,comprise.nyc,available,31.99,31.99,high,low,8,namesilo,,,
5250ca84-d1c0-44cd-85fa-33d8b44441c1,outsize.nyc,available,32.98,43.98,high,low,7,namecheap,,,04/09/2026 19:38
1f9157bc-4a0d-44c2-8b5e-113c48474bf7,bending.nyc,available,32.98,43.98,high,low,7,namecheap,,,23/09/2026 07:44
54da0d47-4f29-4ce5-ac25-a244d33000dc,bel.nyc,premium,640,29.5,high,low,3,namesilo,,,23/09/2026 04:21
7cf8d7c3-8c0f-4366-8c1f-5c033771e44e,village.nyc,resell,,,high,low,7,Hello Internet Corp.,07/10/2016 22:08,06/10/2027 23:59,26/09/2026 09:59
a19f3764-71f0-4c94-9cf1-645c860bac7e,dinner.nyc,premium,1107,29.5,high,low,6,namesilo,,,
b5efe90d-78f7-45ae-932b-00bbdeec51ac,tingle.nyc,available,31.99,31.99,high,low,6,namesilo,,,11/09/2026 16:11
22e03f5f-a2ef-494e-9765-dddccae75310,admit.nyc,available,31.99,31.99,high,low,5,namesilo,,,26/09/2026 00:34
3eb71028-7184-4243-851b-34de16cf2b79,washington.nyc,available,31.99,31.99,high,low,10,namesilo,,,
a53eedf1-9e67-48c4-869e-4a963f28558c,analyser.nyc,available,31.99,31.99,high,low,8,namesilo,,,19/09/2026 01:57
180dcdff-0e84-4cb1-8cb5-e9dc6ca59b23,mobile.nyc,premium,3250,32.5,high,medium,6,namecheap,,,25/09/2026 21:00
857aef56-7966-475f-8454-077acf59001d,standing.nyc,available,31.99,31.99,high,low,8,namesilo,,,
56a86c8c-da25-4b8c-ad22-18741c987d8d,alumna.nyc,available,6.98,43.98,high,low,6,namecheap,,,20/08/2026 17:44
00c54d96-bb8a-4fdd-87bc-51765b8c50f8,epitope.nyc,available,32.98,43.98,medium,low,7,namecheap,,,19/09/2026 14:25
fd2b30cb-a8b9-4f3d-98f3-f56edceb0378,touchable.nyc,available,31.99,31.99,high,low,9,namesilo,,,11/09/2026 07:57
22e1729c-f346-4e94-a519-e93dc4fd6bc3,cleanly.nyc,available,6.98,43.98,high,low,7,namecheap,,,12/08/2026 10:21
2265fbd4-9c63-43fa-979e-90c0059f0117,chemist.nyc,available,31.99,31.99,high,low,7,namesilo,,,19/09/2026 19:39